CustomerID,Recency,Frequency,Monetary,R_Score,F_Score,M_Score,RFM_Score,Segment
10001.0,45,20,4211.62,2,4,4,244,At Risk
10002.0,142,8,2583.9399999999996,1,2,3,123,Potential Loyalists
10003.0,42,21,3572.01,2,4,4,244,At Risk
10004.0,13,27,5737.28,4,4,5,445,Champions
10005.0,14,7,1220.71,4,1,1,411,Potential Loyalists
10006.0,148,3,706.8100000000001,1,1,1,111,Lost Customers
10007.0,77,15,2800.25,2,3,3,233,At Risk
10008.0,82,11,1059.49,1,2,1,121,Lost Customers
10009.0,21,7,1308.94,3,1,2,312,Potential Loyalists
10010.0,82,12,2408.8199999999997,1,2,3,123,Potential Loyalists
10011.0,13,28,7342.8,4,4,5,445,Champions
10012.0,40,31,6294.25,2,5,5,255,At Risk
10013.0,40,16,3132.72,2,3,3,233,At Risk
10014.0,15,45,9314.68,4,5,5,455,Champions
10015.0,17,22,4880.18,4,4,4,444,Champions
10016.0,82,6,1955.63,1,1,2,112,Lost Customers
10017.0,62,15,2341.02,2,3,3,233,At Risk
10018.0,50,12,2810.45,2,2,3,223,Potential Loyalists
10019.0,1,42,6961.89,5,5,5,555,Champions
10020.0,4,21,4083.38,5,4,4,544,Champions
10021.0,13,15,1582.79,4,3,2,432,Potential Loyalists
10022.0,19,14,2956.48,4,3,3,433,Potential Loyalists
10023.0,5,44,7491.86,5,5,5,555,Champions
10024.0,85,19,2971.54,1,4,3,143,At Risk
10025.0,4,6,1115.0,5,1,1,511,Potential Loyalists
10026.0,61,11,2471.76,2,2,3,223,Potential Loyalists
10027.0,8,29,6966.32,4,5,5,455,Champions
10028.0,8,12,1584.1100000000001,4,2,2,422,Potential Loyalists
10029.0,15,17,3651.42,4,3,4,434,Big Spenders
10030.0,1,24,3766.38,5,4,4,544,Champions
10031.0,12,71,12919.74,4,5,5,455,Champions
10032.0,68,11,1625.01,2,2,2,222,Lost Customers
10033.0,3,14,2447.18,5,3,3,533,Potential Loyalists
10034.0,65,11,2872.55,2,2,3,223,Potential Loyalists
10035.0,16,25,3793.0,4,4,4,444,Champions
10036.0,5,38,6608.56,5,5,5,555,Champions
10037.0,97,12,2081.3,1,2,2,122,Lost Customers
10038.0,22,10,2446.53,3,2,3,323,Potential Loyalists
10039.0,118,6,1581.1499999999999,1,1,2,112,Lost Customers
10040.0,38,23,5554.75,3,4,4,344,Loyal Customers
10041.0,5,23,5412.3,5,4,4,544,Champions
10042.0,68,20,4540.14,2,4,4,244,At Risk
10043.0,16,11,1512.39,4,2,2,422,Potential Loyalists
10044.0,86,12,2864.85,1,2,3,123,Potential Loyalists
10045.0,24,15,3308.17,3,3,3,333,Potential Loyalists
10046.0,98,13,3623.1,1,3,4,134,At Risk
10047.0,50,25,4861.82,2,4,4,244,At Risk
10048.0,72,11,1394.21,2,2,2,222,Lost Customers
10049.0,32,23,4824.1900000000005,3,4,4,344,Loyal Customers
10050.0,18,12,2566.7200000000003,4,2,3,423,Potential Loyalists
10051.0,16,15,4257.39,4,3,4,434,Big Spenders
10052.0,47,23,5546.2699999999995,2,4,4,244,At Risk
10053.0,230,3,1401.77,1,1,2,112,Lost Customers
10054.0,96,10,1905.78,1,2,2,122,Lost Customers
10055.0,84,12,1910.27,1,2,2,122,Lost Customers
10056.0,8,9,1401.28,4,2,2,422,Potential Loyalists
10057.0,26,13,2918.11,3,3,3,333,Potential Loyalists
10058.0,9,61,13108.94,4,5,5,455,Champions
10059.0,81,7,1007.28,1,1,1,111,Lost Customers
10060.0,15,33,4269.38,4,5,4,454,Champions
10061.0,14,4,456.74999999999994,4,1,1,411,Potential Loyalists
10062.0,15,11,2160.08,4,2,2,422,Potential Loyalists
10063.0,8,15,2866.19,4,3,3,433,Potential Loyalists
10064.0,18,32,5542.7,4,5,4,454,Champions
10065.0,11,23,4537.04,4,4,4,444,Champions
10066.0,17,26,4618.7,4,4,4,444,Champions
10067.0,13,14,3857.73,4,3,4,434,Big Spenders
10068.0,73,11,2000.52,2,2,2,222,Lost Customers
10069.0,5,24,4007.39,5,4,4,544,Champions
10070.0,164,8,2188.52,1,2,2,122,Lost Customers
10071.0,189,1,184.08,1,1,1,111,Lost Customers
10072.0,9,8,2638.02,4,2,3,423,Potential Loyalists
10073.0,250,5,632.37,1,1,1,111,Lost Customers
10074.0,16,20,3136.44,4,4,3,443,Loyal Customers
10075.0,51,18,5612.96,2,3,5,235,At Risk
10076.0,16,25,3330.65,4,4,3,443,Loyal Customers
10077.0,109,10,2326.0299999999997,1,2,3,123,Potential Loyalists
10078.0,19,16,3940.7,4,3,4,434,Big Spenders
10079.0,35,25,4112.67,3,4,4,344,Loyal Customers
10080.0,260,5,1849.91,1,1,2,112,Lost Customers
10081.0,29,23,5218.94,3,4,4,344,Loyal Customers
10082.0,116,11,1806.44,1,2,2,122,Lost Customers
10083.0,17,13,2661.2599999999998,4,3,3,433,Potential Loyalists
10084.0,22,9,3524.25,3,2,4,324,Potential Loyalists
10085.0,41,8,1897.8899999999999,2,2,2,222,Lost Customers
10086.0,14,15,3046.27,4,3,3,433,Potential Loyalists
10087.0,26,11,2188.16,3,2,2,322,Potential Loyalists
10088.0,3,22,3729.59,5,4,4,544,Champions
10089.0,5,24,4896.03,5,4,4,544,Champions
10090.0,10,16,3229.4,4,3,3,433,Potential Loyalists
10091.0,124,23,4474.21,1,4,4,144,At Risk
10092.0,3,16,3701.66,5,3,4,534,Big Spenders
10093.0,56,5,1063.96,2,1,1,211,Lost Customers
10094.0,39,13,2155.09,2,3,2,232,At Risk
10095.0,188,2,354.47999999999996,1,1,1,111,Lost Customers
10096.0,100,4,783.9,1,1,1,111,Lost Customers
10097.0,152,7,1084.69,1,1,1,111,Lost Customers
10098.0,210,7,1888.27,1,1,2,112,Lost Customers
10099.0,2,24,3847.77,5,4,4,544,Champions
10100.0,171,9,1425.3700000000001,1,2,2,122,Lost Customers
10101.0,2,13,1454.8600000000001,5,3,2,532,Potential Loyalists
10102.0,16,53,11905.32,4,5,5,455,Champions
10103.0,66,11,2252.12,2,2,2,222,Lost Customers
10104.0,10,19,4704.66,4,4,4,444,Champions
10105.0,163,6,729.04,1,1,1,111,Lost Customers
10106.0,52,15,2814.87,2,3,3,233,At Risk
10107.0,6,8,2024.28,5,2,2,522,Potential Loyalists
10108.0,71,11,1387.8899999999999,2,2,2,222,Lost Customers
10109.0,54,30,6127.34,2,5,5,255,At Risk
10110.0,77,5,598.5899999999999,2,1,1,211,Lost Customers
10111.0,30,20,4464.76,3,4,4,344,Loyal Customers
10112.0,23,15,2716.61,3,3,3,333,Potential Loyalists
10113.0,39,11,1140.14,2,2,1,221,Lost Customers
10114.0,81,4,635.55,1,1,1,111,Lost Customers
10115.0,8,16,3265.43,4,3,3,433,Potential Loyalists
10116.0,7,11,2765.19,5,2,3,523,Potential Loyalists
10117.0,28,14,2644.0,3,3,3,333,Potential Loyalists
10118.0,91,14,3186.93,1,3,3,133,At Risk
10119.0,8,58,10402.11,4,5,5,455,Champions
10120.0,24,13,3117.91,3,3,3,333,Potential Loyalists
10121.0,29,10,1734.18,3,2,2,322,Potential Loyalists
10122.0,7,18,3003.51,5,3,3,533,Potential Loyalists
10123.0,8,26,4721.2300000000005,4,4,4,444,Champions
10124.0,20,40,8675.49,3,5,5,355,Loyal Customers
10125.0,15,35,7385.17,4,5,5,455,Champions
10126.0,1,22,4718.58,5,4,4,544,Champions
10127.0,8,47,12099.54,4,5,5,455,Champions
10128.0,48,5,676.79,2,1,1,211,Lost Customers
10129.0,66,7,1345.22,2,1,2,212,Lost Customers
10130.0,25,8,699.8199999999999,3,2,1,321,Potential Loyalists
10131.0,56,10,1413.29,2,2,2,222,Lost Customers
10132.0,28,5,1692.27,3,1,2,312,Potential Loyalists
10133.0,36,21,4412.92,3,4,4,344,Loyal Customers
10134.0,12,7,1634.13,4,1,2,412,Potential Loyalists
10135.0,9,5,332.96,4,1,1,411,Potential Loyalists
10136.0,67,5,1082.46,2,1,1,211,Lost Customers
10137.0,54,19,4416.55,2,4,4,244,At Risk
10138.0,9,32,6136.599999999999,4,5,5,455,Champions
10139.0,13,63,12798.22,4,5,5,455,Champions
10140.0,3,147,28597.92,5,5,5,555,Champions
10141.0,11,25,3773.86,4,4,4,444,Champions
10142.0,111,7,1174.79,1,1,1,111,Lost Customers
10143.0,44,2,292.0,2,1,1,211,Lost Customers
10144.0,2,12,1655.57,5,2,2,522,Potential Loyalists
10145.0,40,8,1286.47,2,2,1,221,Lost Customers
10146.0,28,13,2198.4700000000003,3,3,2,332,Potential Loyalists
10147.0,39,12,1964.16,2,2,2,222,Lost Customers
10148.0,8,12,2417.88,4,2,3,423,Potential Loyalists
10149.0,2,37,6653.76,5,5,5,555,Champions
10150.0,12,9,1662.37,4,2,2,422,Potential Loyalists
10151.0,3,14,2232.89,5,3,2,532,Potential Loyalists
10152.0,303,2,116.44,1,1,1,111,Lost Customers
10153.0,165,6,1153.1399999999999,1,1,1,111,Lost Customers
10154.0,44,9,1582.8000000000002,2,2,2,222,Lost Customers
10155.0,123,10,2053.79,1,2,2,122,Lost Customers
10156.0,8,50,9085.6,4,5,5,455,Champions
10157.0,19,10,1438.1000000000001,4,2,2,422,Potential Loyalists
10158.0,13,34,5677.13,4,5,5,455,Champions
10159.0,11,12,2136.22,4,2,2,422,Potential Loyalists
10160.0,33,7,1945.93,3,1,2,312,Potential Loyalists
10161.0,10,2,214.09,4,1,1,411,Potential Loyalists
10162.0,39,8,1536.18,2,2,2,222,Lost Customers
10163.0,1,70,16033.48,5,5,5,555,Champions
10164.0,47,9,1988.04,2,2,2,222,Lost Customers
10165.0,5,24,3416.3,5,4,3,543,Loyal Customers
10166.0,49,6,1969.3200000000002,2,1,2,212,Lost Customers
10167.0,53,15,4315.79,2,3,4,234,At Risk
10168.0,20,20,3959.54,3,4,4,344,Loyal Customers
10169.0,35,13,3468.26,3,3,4,334,Potential Loyalists
10170.0,8,14,2863.79,4,3,3,433,Potential Loyalists
10171.0,40,10,1917.75,2,2,2,222,Lost Customers
10172.0,1,22,4622.09,5,4,4,544,Champions
10173.0,127,7,1222.1100000000001,1,1,1,111,Lost Customers
10174.0,379,2,524.7,1,1,1,111,Lost Customers
10175.0,49,9,2152.58,2,2,2,222,Lost Customers
10176.0,29,18,3983.97,3,3,4,334,Potential Loyalists
10177.0,31,45,7800.5,3,5,5,355,Loyal Customers
10178.0,55,16,2881.35,2,3,3,233,At Risk
10179.0,25,11,2512.48,3,2,3,323,Potential Loyalists
10180.0,5,7,1671.6599999999999,5,1,2,512,Potential Loyalists
10181.0,38,42,8616.49,3,5,5,355,Loyal Customers
10182.0,74,17,2910.3,2,3,3,233,At Risk
10183.0,7,15,3288.35,5,3,3,533,Potential Loyalists
10184.0,23,38,7853.19,3,5,5,355,Loyal Customers
10185.0,6,20,3455.66,5,4,4,544,Champions
10186.0,31,44,9457.56,3,5,5,355,Loyal Customers
10187.0,24,13,2242.15,3,3,2,332,Potential Loyalists
10188.0,102,5,1487.5900000000001,1,1,2,112,Lost Customers
10189.0,111,4,445.59000000000003,1,1,1,111,Lost Customers
10190.0,6,49,7784.24,5,5,5,555,Champions
10191.0,12,61,11671.4,4,5,5,455,Champions
10192.0,28,9,2467.8,3,2,3,323,Potential Loyalists
10193.0,68,12,2273.8,2,2,2,222,Lost Customers
10194.0,2,47,9602.12,5,5,5,555,Champions
10195.0,124,6,1014.27,1,1,1,111,Lost Customers
10196.0,193,4,755.71,1,1,1,111,Lost Customers
10197.0,5,26,4090.54,5,4,4,544,Champions
10198.0,2,10,2148.2,5,2,2,522,Potential Loyalists
10199.0,21,12,1793.81,3,2,2,322,Potential Loyalists
10200.0,6,14,1851.08,5,3,2,532,Potential Loyalists
10201.0,12,19,3403.12,4,4,3,443,Loyal Customers
10202.0,19,44,8499.44,4,5,5,455,Champions
10203.0,17,14,2844.65,4,3,3,433,Potential Loyalists
10204.0,31,36,6800.72,3,5,5,355,Loyal Customers
10205.0,42,3,446.75,2,1,1,211,Lost Customers
10206.0,22,18,4243.61,3,3,4,334,Potential Loyalists
10207.0,2,7,1398.41,5,1,2,512,Potential Loyalists
10208.0,26,7,1045.51,3,1,1,311,Potential Loyalists
10209.0,10,8,2862.75,4,2,3,423,Potential Loyalists
10210.0,1,13,2496.3,5,3,3,533,Potential Loyalists
10211.0,32,22,5167.21,3,4,4,344,Loyal Customers
10212.0,31,5,1395.09,3,1,2,312,Potential Loyalists
10213.0,5,22,3643.82,5,4,4,544,Champions
10214.0,32,7,1238.82,3,1,1,311,Potential Loyalists
10215.0,6,13,3346.17,5,3,3,533,Potential Loyalists
10216.0,8,34,7197.02,4,5,5,455,Champions
10217.0,39,26,4292.0,2,4,4,244,At Risk
10218.0,22,37,7032.11,3,5,5,355,Loyal Customers
10219.0,25,10,1887.95,3,2,2,322,Potential Loyalists
10220.0,50,10,2205.48,2,2,2,222,Lost Customers
10221.0,17,14,2663.83,4,3,3,433,Potential Loyalists
10222.0,8,18,3416.61,4,3,3,433,Potential Loyalists
10223.0,69,12,3039.6,2,2,3,223,Potential Loyalists
10224.0,68,5,740.79,2,1,1,211,Lost Customers
10225.0,27,20,3894.1099999999997,3,4,4,344,Loyal Customers
10226.0,4,28,5494.87,5,4,4,544,Champions
10227.0,1,99,18898.32,5,5,5,555,Champions
10228.0,16,62,12468.28,4,5,5,455,Champions
10229.0,20,9,2494.89,3,2,3,323,Potential Loyalists
10230.0,49,14,1774.8799999999999,2,3,2,232,At Risk
10231.0,192,4,1201.6200000000001,1,1,1,111,Lost Customers
10232.0,65,12,1676.98,2,2,2,222,Lost Customers
10233.0,57,21,3699.57,2,4,4,244,At Risk
10234.0,7,45,10174.75,5,5,5,555,Champions
10235.0,8,16,2920.02,4,3,3,433,Potential Loyalists
10236.0,29,5,1221.53,3,1,1,311,Potential Loyalists
10237.0,130,4,665.3100000000001,1,1,1,111,Lost Customers
10238.0,65,9,2328.77,2,2,3,223,Potential Loyalists
10239.0,19,6,1834.6,4,1,2,412,Potential Loyalists
10240.0,6,13,2193.17,5,3,2,532,Potential Loyalists
10241.0,110,7,1488.02,1,1,2,112,Lost Customers
10242.0,69,11,1930.21,2,2,2,222,Lost Customers
10243.0,119,4,340.29999999999995,1,1,1,111,Lost Customers
10244.0,17,5,1304.05,4,1,1,411,Potential Loyalists
10245.0,8,70,12848.07,4,5,5,455,Champions
10246.0,14,7,738.02,4,1,1,411,Potential Loyalists
10247.0,31,4,611.19,3,1,1,311,Potential Loyalists
10248.0,3,51,11069.630000000001,5,5,5,555,Champions
10249.0,7,139,31038.85,5,5,5,555,Champions
10250.0,1,8,889.3199999999999,5,2,1,521,Potential Loyalists
10251.0,34,13,1919.2,3,3,2,332,Potential Loyalists
10252.0,37,16,2920.9900000000002,3,3,3,333,Potential Loyalists
10253.0,13,56,11725.11,4,5,5,455,Champions
10254.0,91,4,565.54,1,1,1,111,Lost Customers
10255.0,62,6,1544.58,2,1,2,212,Lost Customers
10256.0,10,33,7174.0599999999995,4,5,5,455,Champions
10257.0,24,25,6886.64,3,4,5,345,Loyal Customers
10258.0,72,8,1183.06,2,2,1,221,Lost Customers
10259.0,5,13,1698.75,5,3,2,532,Potential Loyalists
10260.0,56,9,3338.3,2,2,3,223,Potential Loyalists
10261.0,1,7,1731.73,5,1,2,512,Potential Loyalists
10262.0,2,11,2077.64,5,2,2,522,Potential Loyalists
10263.0,35,29,5521.93,3,5,4,354,Loyal Customers
10264.0,27,8,1465.45,3,2,2,322,Potential Loyalists
10265.0,37,21,3950.27,3,4,4,344,Loyal Customers
10266.0,42,29,5257.07,2,5,4,254,At Risk
10267.0,31,12,2142.27,3,3,2,332,Potential Loyalists
10268.0,17,18,2467.5,4,3,3,433,Potential Loyalists
10269.0,16,10,3315.18,4,2,3,423,Potential Loyalists
10270.0,4,16,2946.98,5,3,3,533,Potential Loyalists
10271.0,44,8,2191.2999999999997,2,2,2,222,Lost Customers
10272.0,1,28,5950.5599999999995,5,4,5,545,Champions
10273.0,80,9,1720.02,1,2,2,122,Lost Customers
10274.0,3,86,16211.6,5,5,5,555,Champions
10275.0,8,53,10898.69,4,5,5,455,Champions
10276.0,20,18,2426.19,3,3,3,333,Potential Loyalists
10277.0,25,7,2801.63,3,1,3,313,Potential Loyalists
10278.0,18,6,1672.35,4,1,2,412,Potential Loyalists
10279.0,6,38,9118.86,5,5,5,555,Champions
10280.0,45,26,3840.11,2,4,4,244,At Risk
10281.0,18,13,1890.19,4,3,2,432,Potential Loyalists
10283.0,10,33,5412.49,4,5,4,454,Champions
10284.0,22,21,3856.65,3,4,4,344,Loyal Customers
10285.0,128,4,989.52,1,1,1,111,Lost Customers
10286.0,6,13,3356.46,5,3,3,533,Potential Loyalists
10287.0,23,19,3964.93,3,4,4,344,Loyal Customers
10288.0,24,10,3147.08,3,2,3,323,Potential Loyalists
10289.0,33,6,1044.51,3,1,1,311,Potential Loyalists
10290.0,1,15,2804.94,5,3,3,533,Potential Loyalists
10291.0,13,14,3413.3199999999997,4,3,3,433,Potential Loyalists
10292.0,59,22,4100.82,2,4,4,244,At Risk
10293.0,42,43,9859.92,2,5,5,255,At Risk
10294.0,233,2,1074.15,1,1,1,111,Lost Customers
10295.0,7,15,3046.6800000000003,5,3,3,533,Potential Loyalists
10296.0,149,18,2958.63,1,3,3,133,At Risk
10297.0,15,16,2299.94,4,3,3,433,Potential Loyalists
10298.0,1,11,2605.68,5,2,3,523,Potential Loyalists
10299.0,200,4,1170.92,1,1,1,111,Lost Customers
10300.0,1,22,4211.76,5,4,4,544,Champions
10301.0,2,50,11219.74,5,5,5,555,Champions
10302.0,460,2,594.87,1,1,1,111,Lost Customers
10303.0,31,22,6192.44,3,4,5,345,Loyal Customers
10304.0,44,6,1716.78,2,1,2,212,Lost Customers
10305.0,35,13,2250.25,3,3,2,332,Potential Loyalists
10306.0,126,3,282.52,1,1,1,111,Lost Customers
10307.0,24,13,2769.87,3,3,3,333,Potential Loyalists
10308.0,11,43,11766.48,4,5,5,455,Champions
10309.0,13,15,2463.35,4,3,3,433,Potential Loyalists
10310.0,28,67,12188.15,3,5,5,355,Loyal Customers
10311.0,5,36,6391.73,5,5,5,555,Champions
10312.0,3,25,4849.67,5,4,4,544,Champions
10313.0,1,50,9366.39,5,5,5,555,Champions
10314.0,86,21,4660.03,1,4,4,144,At Risk
10315.0,20,29,5923.18,3,5,5,355,Loyal Customers
10316.0,23,20,5273.5,3,4,4,344,Loyal Customers
10317.0,76,11,3574.91,2,2,4,224,Potential Loyalists
10318.0,16,7,1443.48,4,1,2,412,Potential Loyalists
10319.0,5,24,5115.96,5,4,4,544,Champions
10320.0,78,8,1539.27,1,2,2,122,Lost Customers
10321.0,39,28,6166.88,2,5,5,255,At Risk
10322.0,40,19,3613.75,2,4,4,244,At Risk
10323.0,10,41,10994.26,4,5,5,455,Champions
10324.0,43,17,3104.25,2,3,3,233,At Risk
10325.0,4,56,11267.08,5,5,5,555,Champions
10326.0,9,19,2900.61,4,4,3,443,Loyal Customers
10327.0,243,1,75.54,1,1,1,111,Lost Customers
10328.0,38,7,882.1,3,1,1,311,Potential Loyalists
10329.0,93,8,1322.46,1,2,2,122,Lost Customers
10330.0,94,6,1102.58,1,1,1,111,Lost Customers
10331.0,18,62,11218.2,4,5,5,455,Champions
10332.0,12,29,5817.57,4,5,5,455,Champions
10333.0,49,13,3070.9900000000002,2,3,3,233,At Risk
10334.0,244,4,480.46,1,1,1,111,Lost Customers
10335.0,105,11,2778.27,1,2,3,123,Potential Loyalists
10336.0,23,4,1309.17,3,1,2,312,Potential Loyalists
10337.0,69,16,3424.25,2,3,3,233,At Risk
10338.0,117,11,1561.61,1,2,2,122,Lost Customers
10339.0,4,35,8777.35,5,5,5,555,Champions
10340.0,1,28,4649.360000000001,5,5,4,554,Champions
10341.0,9,3,478.26,4,1,1,411,Potential Loyalists
10342.0,21,18,3174.33,3,3,3,333,Potential Loyalists
10343.0,31,13,2099.4,3,3,2,332,Potential Loyalists
10344.0,10,19,3276.52,4,4,3,443,Loyal Customers
10345.0,4,49,10283.81,5,5,5,555,Champions
10346.0,17,3,362.17999999999995,4,1,1,411,Potential Loyalists
10347.0,185,9,1498.2,1,2,2,122,Lost Customers
10348.0,17,23,4697.52,4,4,4,444,Champions
10349.0,52,8,916.41,2,2,1,221,Lost Customers
10350.0,11,45,9472.22,4,5,5,455,Champions
10351.0,41,16,2947.99,2,3,3,233,At Risk
10352.0,1,19,3880.14,5,4,4,544,Champions
10353.0,111,8,1661.44,1,2,2,122,Lost Customers
10354.0,13,28,5905.57,4,5,5,455,Champions
10355.0,5,42,8591.02,5,5,5,555,Champions
10356.0,47,23,4625.59,2,4,4,244,At Risk
10357.0,28,13,4057.91,3,3,4,334,Potential Loyalists
10358.0,36,21,3732.17,3,4,4,344,Loyal Customers
10359.0,115,4,1238.3200000000002,1,1,1,111,Lost Customers
10360.0,43,10,1169.06,2,2,1,221,Lost Customers
10361.0,86,11,2026.9,1,2,2,122,Lost Customers
10362.0,2,18,2615.14,5,3,3,533,Potential Loyalists
10363.0,61,27,4273.57,2,4,4,244,At Risk
10364.0,28,5,671.75,3,1,1,311,Potential Loyalists
10365.0,30,14,2429.06,3,3,3,333,Potential Loyalists
10366.0,12,47,9479.75,4,5,5,455,Champions
10367.0,10,7,2673.41,4,1,3,413,Potential Loyalists
10368.0,54,9,2644.7,2,2,3,223,Potential Loyalists
10369.0,42,18,2736.5,2,4,3,243,At Risk
10370.0,21,24,4662.08,3,4,4,344,Loyal Customers
10371.0,52,15,3908.4500000000003,2,3,4,234,At Risk
10372.0,8,41,7119.530000000001,4,5,5,455,Champions
10373.0,25,35,7357.37,3,5,5,355,Loyal Customers
10374.0,14,22,4470.36,4,4,4,444,Champions
10375.0,7,22,4406.7,5,4,4,544,Champions
10376.0,7,106,17915.3,5,5,5,555,Champions
10377.0,24,14,2957.29,3,3,3,333,Potential Loyalists
10378.0,43,5,449.85,2,1,1,211,Lost Customers
10379.0,4,59,10409.11,5,5,5,555,Champions
10380.0,77,9,2811.69,2,2,3,223,Potential Loyalists
10381.0,74,18,4990.509999999999,2,4,4,244,At Risk
10382.0,21,37,7189.37,3,5,5,355,Loyal Customers
10383.0,122,3,746.45,1,1,1,111,Lost Customers
10384.0,246,2,453.75,1,1,1,111,Lost Customers
10385.0,62,6,936.96,2,1,1,211,Lost Customers
10386.0,79,10,2176.52,1,2,2,122,Lost Customers
10387.0,10,12,1629.06,4,3,2,432,Potential Loyalists
10388.0,17,23,3930.0099999999998,4,4,4,444,Champions
10389.0,43,23,5349.57,2,4,4,244,At Risk
10390.0,9,4,546.13,4,1,1,411,Potential Loyalists
10391.0,553,1,57.18,1,1,1,111,Lost Customers
10392.0,6,19,3067.39,5,4,3,543,Loyal Customers
10393.0,93,10,2377.23,1,2,3,123,Potential Loyalists
10394.0,65,17,3603.37,2,3,4,234,At Risk
10395.0,2,29,7443.68,5,5,5,555,Champions
10396.0,85,11,1495.26,1,2,2,122,Lost Customers
10397.0,23,32,6485.2,3,5,5,355,Loyal Customers
10398.0,3,20,4442.0,5,4,4,544,Champions
10399.0,3,21,5329.7300000000005,5,4,4,544,Champions
10400.0,22,13,3202.94,3,3,3,333,Potential Loyalists
10401.0,79,12,2215.54,1,3,2,132,At Risk
10402.0,5,16,2685.3,5,3,3,533,Potential Loyalists
10403.0,93,27,6655.31,1,4,5,145,At Risk
10404.0,74,13,2831.95,2,3,3,233,At Risk
10405.0,46,25,4877.87,2,4,4,244,At Risk
10406.0,39,10,935.67,2,2,1,221,Lost Customers
10407.0,28,10,1684.86,3,2,2,322,Potential Loyalists
10408.0,9,25,4926.07,4,4,4,444,Champions
10409.0,153,6,1161.58,1,1,1,111,Lost Customers
10410.0,123,5,844.77,1,1,1,111,Lost Customers
10411.0,348,3,278.90000000000003,1,1,1,111,Lost Customers
10412.0,511,1,227.52,1,1,1,111,Lost Customers
10413.0,8,9,1442.26,4,2,2,422,Potential Loyalists
10414.0,65,18,3446.81,2,4,4,244,At Risk
10415.0,5,23,3143.6,5,4,3,543,Loyal Customers
10416.0,62,12,2174.12,2,3,2,232,At Risk
10417.0,13,33,5579.91,4,5,5,455,Champions
10418.0,16,28,5946.09,4,5,5,455,Champions
10419.0,2,12,3035.2200000000003,5,3,3,533,Potential Loyalists
10420.0,17,41,8076.5599999999995,4,5,5,455,Champions
10421.0,20,19,2819.58,3,4,3,343,Loyal Customers
10422.0,239,4,501.14,1,1,1,111,Lost Customers
10423.0,26,7,1051.18,3,1,1,311,Potential Loyalists
10424.0,106,5,741.11,1,1,1,111,Lost Customers
10425.0,62,8,1035.73,2,2,1,221,Lost Customers
10426.0,12,12,3068.06,4,3,3,433,Potential Loyalists
10427.0,33,28,5620.97,3,5,5,355,Loyal Customers
10428.0,2,62,14433.02,5,5,5,555,Champions
10429.0,49,2,250.46,2,1,1,211,Lost Customers
10430.0,59,21,3846.89,2,4,4,244,At Risk
10431.0,23,7,1074.18,3,1,1,311,Potential Loyalists
10432.0,5,26,6205.68,5,4,5,545,Champions
10433.0,174,9,2562.33,1,2,3,123,Potential Loyalists
10434.0,105,2,299.76,1,1,1,111,Lost Customers
10435.0,7,27,4252.96,5,4,4,544,Champions
10436.0,35,6,1737.4,3,1,2,312,Potential Loyalists
10437.0,122,13,2175.84,1,3,2,132,At Risk
10438.0,272,5,664.31,1,1,1,111,Lost Customers
10439.0,28,10,2614.09,3,2,3,323,Potential Loyalists
10440.0,19,24,3759.57,4,4,4,444,Champions
10441.0,45,8,1237.23,2,2,1,221,Lost Customers
10442.0,6,19,3503.15,5,4,4,544,Champions
10443.0,65,23,4082.8199999999997,2,4,4,244,At Risk
10444.0,11,36,8777.72,4,5,5,455,Champions
10445.0,19,5,1010.03,4,1,1,411,Potential Loyalists
10446.0,205,5,709.45,1,1,1,111,Lost Customers
10447.0,10,27,5151.86,4,4,4,444,Champions
10448.0,37,12,2540.38,3,3,3,333,Potential Loyalists
10449.0,9,38,7868.48,4,5,5,455,Champions
10450.0,18,24,4352.42,4,4,4,444,Champions
10451.0,66,7,1442.49,2,1,2,212,Lost Customers
10452.0,54,19,4170.82,2,4,4,244,At Risk
10453.0,7,66,14361.88,5,5,5,555,Champions
10454.0,4,77,15901.810000000001,5,5,5,555,Champions
10455.0,3,17,2784.77,5,3,3,533,Potential Loyalists
10456.0,38,9,1024.52,3,2,1,321,Potential Loyalists
10457.0,29,33,6212.44,3,5,5,355,Loyal Customers
10458.0,55,12,2673.63,2,3,3,233,At Risk
10459.0,9,23,3722.76,4,4,4,444,Champions
10460.0,23,17,3901.84,3,3,4,334,Potential Loyalists
10461.0,30,12,2483.3,3,3,3,333,Potential Loyalists
10462.0,49,10,2027.13,2,2,2,222,Lost Customers
10463.0,505,2,291.41999999999996,1,1,1,111,Lost Customers
10464.0,50,1,253.45,2,1,1,211,Lost Customers
10465.0,132,6,1289.58,1,1,1,111,Lost Customers
10466.0,98,10,1698.84,1,2,2,122,Lost Customers
10467.0,37,16,2925.0,3,3,3,333,Potential Loyalists
10468.0,1,72,12198.18,5,5,5,555,Champions
10469.0,28,28,4663.18,3,5,4,354,Loyal Customers
10470.0,57,9,1993.35,2,2,2,222,Lost Customers
10471.0,203,10,1969.08,1,2,2,122,Lost Customers
10472.0,200,10,1639.16,1,2,2,122,Lost Customers
10473.0,27,17,4157.26,3,3,4,334,Potential Loyalists
10474.0,16,19,3265.04,4,4,3,443,Loyal Customers
10475.0,55,21,4989.36,2,4,4,244,At Risk
10476.0,94,8,1531.1,1,2,2,122,Lost Customers
10477.0,13,32,6110.3,4,5,5,455,Champions
10478.0,400,5,914.18,1,1,1,111,Lost Customers
10479.0,37,13,2354.52,3,3,3,333,Potential Loyalists
10480.0,2,106,21129.4,5,5,5,555,Champions
10481.0,49,19,2777.94,2,4,3,243,At Risk
10482.0,1,35,6839.14,5,5,5,555,Champions
10483.0,18,25,5756.48,4,4,5,445,Champions
10484.0,14,31,6340.18,4,5,5,455,Champions
10485.0,30,14,2611.86,3,3,3,333,Potential Loyalists
10486.0,30,14,2625.1,3,3,3,333,Potential Loyalists
10487.0,142,8,1347.51,1,2,2,122,Lost Customers
10488.0,7,26,6334.48,5,4,5,545,Champions
10489.0,6,6,1486.88,5,1,2,512,Potential Loyalists
10490.0,19,21,4288.28,4,4,4,444,Champions
10491.0,3,33,5575.67,5,5,5,555,Champions
10492.0,156,25,4276.57,1,4,4,144,At Risk
10493.0,84,16,4327.2,1,3,4,134,At Risk
10494.0,5,22,3428.17,5,4,4,544,Champions
10495.0,16,16,4090.32,4,3,4,434,Big Spenders
10496.0,3,29,5465.53,5,5,4,554,Champions
10497.0,128,5,546.53,1,1,1,111,Lost Customers
10498.0,18,11,2001.68,4,2,2,422,Potential Loyalists
10499.0,3,3,354.3,5,1,1,511,Potential Loyalists
10500.0,34,2,487.04999999999995,3,1,1,311,Potential Loyalists
10501.0,20,37,5792.52,3,5,5,355,Loyal Customers
10502.0,14,28,5798.74,4,5,5,455,Champions
10503.0,24,6,1208.3600000000001,3,1,1,311,Potential Loyalists
10504.0,89,4,1099.52,1,1,1,111,Lost Customers
10506.0,98,7,1893.03,1,1,2,112,Lost Customers
10507.0,8,92,21184.89,4,5,5,455,Champions
10508.0,13,19,5214.72,4,4,4,444,Champions
10509.0,3,10,2029.05,5,2,2,522,Potential Loyalists
10510.0,52,23,5025.39,2,4,4,244,At Risk
10511.0,198,9,1730.86,1,2,2,122,Lost Customers
10512.0,12,15,3213.94,4,3,3,433,Potential Loyalists
10513.0,35,16,2397.91,3,3,3,333,Potential Loyalists
10514.0,77,14,2986.1,2,3,3,233,At Risk
10515.0,6,35,5534.86,5,5,4,554,Champions
10516.0,14,16,3185.14,4,3,3,433,Potential Loyalists
10517.0,64,21,4202.3,2,4,4,244,At Risk
10518.0,54,7,1318.42,2,1,2,212,Lost Customers
10519.0,22,28,5550.76,3,5,4,354,Loyal Customers
10520.0,12,56,12992.21,4,5,5,455,Champions
10521.0,104,4,683.98,1,1,1,111,Lost Customers
10522.0,76,11,2206.29,2,2,2,222,Lost Customers
10523.0,49,43,9901.75,2,5,5,255,At Risk
10524.0,42,18,3067.59,2,4,3,243,At Risk
10525.0,21,49,10366.9,3,5,5,355,Loyal Customers
10526.0,2,14,3414.03,5,3,3,533,Potential Loyalists
10527.0,9,50,8575.34,4,5,5,455,Champions
10528.0,8,18,2519.33,4,4,3,443,Loyal Customers
10529.0,43,23,5473.3,2,4,4,244,At Risk
10530.0,3,48,11203.98,5,5,5,555,Champions
10531.0,19,12,2863.06,4,3,3,433,Potential Loyalists
10532.0,97,7,1437.99,1,1,2,112,Lost Customers
10533.0,8,7,2118.7799999999997,4,1,2,412,Potential Loyalists
10534.0,37,12,2423.96,3,3,3,333,Potential Loyalists
10535.0,121,5,932.8000000000001,1,1,1,111,Lost Customers
10536.0,21,26,4812.59,3,4,4,344,Loyal Customers
10537.0,19,9,1727.72,4,2,2,422,Potential Loyalists
10538.0,2,51,9327.21,5,5,5,555,Champions
10539.0,172,3,1283.57,1,1,1,111,Lost Customers
10540.0,73,4,396.48,2,1,1,211,Lost Customers
10541.0,207,4,858.2700000000001,1,1,1,111,Lost Customers
10542.0,70,5,827.5,2,1,1,211,Lost Customers
10543.0,25,20,3302.98,3,4,3,343,Loyal Customers
10544.0,64,6,736.41,2,1,1,211,Lost Customers
10545.0,26,12,2495.61,3,3,3,333,Potential Loyalists
10546.0,1,7,1318.41,5,1,2,512,Potential Loyalists
10547.0,21,17,3619.52,3,3,4,334,Potential Loyalists
10548.0,8,8,1005.62,4,2,1,421,Potential Loyalists
10549.0,19,29,5897.45,4,5,5,455,Champions
10550.0,16,26,4160.2,4,4,4,444,Champions
10551.0,11,32,7526.11,4,5,5,455,Champions
10552.0,49,29,4559.28,2,5,4,254,At Risk
10553.0,36,16,4052.15,3,3,4,334,Potential Loyalists
10554.0,6,85,16185.93,5,5,5,555,Champions
10555.0,8,15,2629.13,4,3,3,433,Potential Loyalists
10556.0,19,10,1968.83,4,2,2,422,Potential Loyalists
10557.0,33,12,3924.13,3,3,4,334,Potential Loyalists
10558.0,11,12,3414.04,4,3,3,433,Potential Loyalists
10559.0,36,8,1976.85,3,2,2,322,Potential Loyalists
10560.0,25,4,783.06,3,1,1,311,Potential Loyalists
10561.0,33,15,2729.31,3,3,3,333,Potential Loyalists
10562.0,14,19,2576.4,4,4,3,443,Loyal Customers
10563.0,108,10,1615.71,1,2,2,122,Lost Customers
10564.0,10,9,1617.07,4,2,2,422,Potential Loyalists
10565.0,13,34,6961.21,4,5,5,455,Champions
10566.0,3,27,5824.78,5,4,5,545,Champions
10567.0,33,12,2884.69,3,3,3,333,Potential Loyalists
10568.0,44,6,1097.46,2,1,1,211,Lost Customers
10569.0,155,7,1791.31,1,1,2,112,Lost Customers
10570.0,56,12,3058.02,2,3,3,233,At Risk
10571.0,549,2,499.49,1,1,1,111,Lost Customers
10572.0,82,9,1681.19,1,2,2,122,Lost Customers
10573.0,20,15,2812.02,3,3,3,333,Potential Loyalists
10574.0,55,4,813.15,2,1,1,211,Lost Customers
10575.0,44,11,992.62,2,2,1,221,Lost Customers
10576.0,4,9,1447.4,5,2,2,522,Potential Loyalists
10577.0,1,43,8837.52,5,5,5,555,Champions
10578.0,7,32,6565.47,5,5,5,555,Champions
10579.0,26,11,1739.02,3,2,2,322,Potential Loyalists
10580.0,1,20,3247.78,5,4,3,543,Loyal Customers
10581.0,367,2,449.81999999999994,1,1,1,111,Lost Customers
10582.0,126,4,252.01999999999998,1,1,1,111,Lost Customers
10583.0,222,9,1673.6100000000001,1,2,2,122,Lost Customers
10584.0,157,6,786.65,1,1,1,111,Lost Customers
10585.0,2,31,6195.57,5,5,5,555,Champions
10586.0,1,64,10623.63,5,5,5,555,Champions
10587.0,65,4,868.13,2,1,1,211,Lost Customers
10588.0,17,12,2629.35,4,3,3,433,Potential Loyalists
10589.0,1,16,2252.13,5,3,2,532,Potential Loyalists
10590.0,22,55,11351.85,3,5,5,355,Loyal Customers
10591.0,104,10,1883.12,1,2,2,122,Lost Customers
10592.0,114,14,2076.06,1,3,2,132,At Risk
10593.0,24,44,8089.34,3,5,5,355,Loyal Customers
10594.0,5,1,98.15,5,1,1,511,Potential Loyalists
10595.0,95,5,788.9200000000001,1,1,1,111,Lost Customers
10596.0,127,11,2376.52,1,2,3,123,Potential Loyalists
10597.0,22,6,1399.37,3,1,2,312,Potential Loyalists
10598.0,62,30,5997.23,2,5,5,255,At Risk
10599.0,6,19,4303.099999999999,5,4,4,544,Champions
10600.0,527,2,255.88,1,1,1,111,Lost Customers
10601.0,81,19,4044.12,1,4,4,144,At Risk
10602.0,6,9,1666.72,5,2,2,522,Potential Loyalists
10603.0,2,36,5429.05,5,5,4,554,Champions
10604.0,26,11,2135.46,3,2,2,322,Potential Loyalists
10605.0,9,14,3666.4900000000002,4,3,4,434,Big Spenders
10606.0,32,27,5567.17,3,4,5,345,Loyal Customers
10607.0,12,41,7097.58,4,5,5,455,Champions
10608.0,70,14,2250.89,2,3,2,232,At Risk
10609.0,67,2,592.63,2,1,1,211,Lost Customers
10610.0,6,31,5412.69,5,5,4,554,Champions
10611.0,169,4,540.34,1,1,1,111,Lost Customers
10612.0,20,19,3222.68,3,4,3,343,Loyal Customers
10613.0,113,7,1458.3,1,1,2,112,Lost Customers
10614.0,4,28,6114.87,5,5,5,555,Champions
10615.0,5,10,1913.96,5,2,2,522,Potential Loyalists
10616.0,6,6,490.83000000000004,5,1,1,511,Potential Loyalists
10617.0,89,19,4024.94,1,4,4,144,At Risk
10618.0,17,16,4410.61,4,3,4,434,Big Spenders
10619.0,84,7,1556.23,1,1,2,112,Lost Customers
10620.0,19,45,8462.01,4,5,5,455,Champions
10621.0,101,9,2072.44,1,2,2,122,Lost Customers
10622.0,7,16,4056.3,5,3,4,534,Big Spenders
10623.0,4,23,6017.84,5,4,5,545,Champions
10624.0,173,10,2196.57,1,2,2,122,Lost Customers
10625.0,2,22,4554.6,5,4,4,544,Champions
10626.0,28,14,4456.55,3,3,4,334,Potential Loyalists
10627.0,34,11,2783.39,3,2,3,323,Potential Loyalists
10628.0,1,42,6828.29,5,5,5,555,Champions
10629.0,10,7,1384.0,4,1,2,412,Potential Loyalists
10630.0,14,3,275.32,4,1,1,411,Potential Loyalists
10631.0,9,63,11461.79,4,5,5,455,Champions
10632.0,4,100,19410.97,5,5,5,555,Champions
10633.0,41,12,2741.49,2,3,3,233,At Risk
10634.0,193,2,324.14,1,1,1,111,Lost Customers
10635.0,25,10,2177.22,3,2,2,322,Potential Loyalists
10636.0,18,12,2368.74,4,3,3,433,Potential Loyalists
10637.0,3,17,3845.25,5,3,4,534,Big Spenders
10638.0,54,4,865.27,2,1,1,211,Lost Customers
10639.0,3,20,5523.65,5,4,4,544,Champions
10640.0,4,28,6830.11,5,5,5,555,Champions
10641.0,38,7,1095.6,3,1,1,311,Potential Loyalists
10642.0,61,27,6612.43,2,4,5,245,At Risk
10643.0,3,68,13173.87,5,5,5,555,Champions
10644.0,36,11,2746.78,3,2,3,323,Potential Loyalists
10645.0,22,19,4910.29,3,4,4,344,Loyal Customers
10646.0,51,15,2440.33,2,3,3,233,At Risk
10647.0,6,33,7582.15,5,5,5,555,Champions
10648.0,88,5,932.0600000000001,1,1,1,111,Lost Customers
10649.0,28,18,3323.57,3,4,3,343,Loyal Customers
10650.0,2,13,2646.59,5,3,3,533,Potential Loyalists
10651.0,22,61,12638.7,3,5,5,355,Loyal Customers
10652.0,10,8,1825.67,4,2,2,422,Potential Loyalists
10653.0,7,47,9046.28,5,5,5,555,Champions
10654.0,3,9,1797.1100000000001,5,2,2,522,Potential Loyalists
10655.0,14,19,3300.0,4,4,3,443,Loyal Customers
10656.0,3,20,4356.2300000000005,5,4,4,544,Champions
10657.0,1,7,1291.38,5,1,1,511,Potential Loyalists
10658.0,64,15,3029.72,2,3,3,233,At Risk
10659.0,6,51,10975.32,5,5,5,555,Champions
10660.0,6,15,3031.32,5,3,3,533,Potential Loyalists
10661.0,225,4,1145.82,1,1,1,111,Lost Customers
10662.0,2,18,4929.04,5,4,4,544,Champions
10663.0,65,7,1586.4699999999998,2,1,2,212,Lost Customers
10664.0,133,9,2061.23,1,2,2,122,Lost Customers
10665.0,6,18,5134.82,5,4,4,544,Champions
10666.0,270,4,1121.44,1,1,1,111,Lost Customers
10667.0,77,3,226.47,2,1,1,211,Lost Customers
10668.0,1,24,4466.56,5,4,4,544,Champions
10669.0,389,3,347.17999999999995,1,1,1,111,Lost Customers
10670.0,5,3,127.53,5,1,1,511,Potential Loyalists
10671.0,41,23,4452.17,2,4,4,244,At Risk
10672.0,45,23,3000.53,2,4,3,243,At Risk
10673.0,180,5,731.81,1,1,1,111,Lost Customers
10674.0,24,8,1261.58,3,2,1,321,Potential Loyalists
10675.0,9,32,5316.03,4,5,4,454,Champions
10676.0,59,17,2845.21,2,3,3,233,At Risk
10677.0,20,92,17965.04,3,5,5,355,Loyal Customers
10678.0,51,28,5806.08,2,5,5,255,At Risk
10679.0,32,24,5490.98,3,4,4,344,Loyal Customers
10680.0,55,12,2103.71,2,3,2,232,At Risk
10681.0,5,32,8325.91,5,5,5,555,Champions
10682.0,10,19,4797.38,4,4,4,444,Champions
10683.0,10,38,7465.34,4,5,5,455,Champions
10684.0,43,12,2154.56,2,3,2,232,At Risk
10685.0,28,8,1263.46,3,2,1,321,Potential Loyalists
10686.0,58,6,1218.47,2,1,1,211,Lost Customers
10687.0,27,27,5658.22,3,4,5,345,Loyal Customers
10688.0,18,53,11375.56,4,5,5,455,Champions
10689.0,81,5,1887.93,1,1,2,112,Lost Customers
10690.0,44,15,2531.59,2,3,3,233,At Risk
10691.0,5,21,2995.75,5,4,3,543,Loyal Customers
10692.0,142,4,901.09,1,1,1,111,Lost Customers
10693.0,26,40,7084.95,3,5,5,355,Loyal Customers
10694.0,74,4,1570.97,2,1,2,212,Lost Customers
10695.0,43,10,2790.24,2,2,3,223,Potential Loyalists
10696.0,106,6,1535.12,1,1,2,112,Lost Customers
10697.0,51,2,548.96,2,1,1,211,Lost Customers
10698.0,41,5,383.51,2,1,1,211,Lost Customers
10699.0,162,5,1248.9,1,1,1,111,Lost Customers
10700.0,52,18,2736.49,2,4,3,243,At Risk
10701.0,1,51,10217.36,5,5,5,555,Champions
10702.0,38,11,2241.02,3,2,2,322,Potential Loyalists
10703.0,46,5,745.6800000000001,2,1,1,211,Lost Customers
10704.0,8,13,2528.82,4,3,3,433,Potential Loyalists
10705.0,17,30,7062.43,4,5,5,455,Champions
10706.0,1,9,1299.35,5,2,1,521,Potential Loyalists
10707.0,137,10,1896.51,1,2,2,122,Lost Customers
10708.0,9,16,2274.14,4,3,2,432,Potential Loyalists
10709.0,20,13,3302.94,3,3,3,333,Potential Loyalists
10710.0,52,26,4966.6,2,4,4,244,At Risk
10711.0,26,21,3375.9300000000003,3,4,3,343,Loyal Customers
10712.0,22,30,5900.76,3,5,5,355,Loyal Customers
10713.0,39,4,681.99,2,1,1,211,Lost Customers
10714.0,94,10,1820.02,1,2,2,122,Lost Customers
10715.0,11,13,2038.75,4,3,2,432,Potential Loyalists
10716.0,24,7,1881.63,3,1,2,312,Potential Loyalists
10717.0,85,5,1752.14,1,1,2,112,Lost Customers
10718.0,31,22,5008.13,3,4,4,344,Loyal Customers
10719.0,126,6,1079.5,1,1,1,111,Lost Customers
10720.0,215,8,1397.84,1,2,2,122,Lost Customers
10721.0,24,15,3879.36,3,3,4,334,Potential Loyalists
10722.0,14,42,8793.61,4,5,5,455,Champions
10724.0,160,3,274.21000000000004,1,1,1,111,Lost Customers
10725.0,125,9,1093.77,1,2,1,121,Lost Customers
10726.0,1,41,8570.22,5,5,5,555,Champions
10727.0,117,10,2289.29,1,2,3,123,Potential Loyalists
10728.0,41,29,5068.07,2,5,4,254,At Risk
10729.0,292,7,817.4300000000001,1,2,1,121,Lost Customers
10730.0,2,3,246.39,5,1,1,511,Potential Loyalists
10731.0,6,24,4273.38,5,4,4,544,Champions
10732.0,56,14,3828.18,2,3,4,234,At Risk
10733.0,8,19,4868.91,4,4,4,444,Champions
10734.0,25,12,3007.34,3,3,3,333,Potential Loyalists
10735.0,14,18,4606.92,4,4,4,444,Champions
10736.0,10,19,5038.22,4,4,4,444,Champions
10737.0,5,20,5251.82,5,4,4,544,Champions
10738.0,3,28,5745.4400000000005,5,5,5,555,Champions
10739.0,11,8,880.24,4,2,1,421,Potential Loyalists
10740.0,2,5,776.41,5,1,1,511,Potential Loyalists
10741.0,55,30,5507.89,2,5,4,254,At Risk
10742.0,1,40,9342.86,5,5,5,555,Champions
10743.0,31,6,1628.79,3,1,2,312,Potential Loyalists
10744.0,64,3,271.85,2,1,1,211,Lost Customers
10745.0,30,15,3020.6,3,3,3,333,Potential Loyalists
10746.0,7,31,5608.96,5,5,5,555,Champions
10747.0,27,43,7469.01,3,5,5,355,Loyal Customers
10748.0,35,20,3786.9300000000003,3,4,4,344,Loyal Customers
10749.0,65,10,1882.63,2,2,2,222,Lost Customers
10750.0,28,9,1661.07,3,2,2,322,Potential Loyalists
10751.0,126,13,2801.1000000000004,1,3,3,133,At Risk
10752.0,61,7,2020.28,2,2,2,222,Lost Customers
10753.0,87,6,1715.48,1,1,2,112,Lost Customers
10754.0,3,86,17683.27,5,5,5,555,Champions
10755.0,28,57,12792.07,3,5,5,355,Loyal Customers
10756.0,22,37,7777.34,3,5,5,355,Loyal Customers
10757.0,92,12,1844.7,1,3,2,132,At Risk
10758.0,28,20,4732.03,3,4,4,344,Loyal Customers
10759.0,12,21,5524.12,4,4,4,444,Champions
10760.0,31,23,4750.02,3,4,4,344,Loyal Customers
10761.0,8,31,6067.13,4,5,5,455,Champions
10762.0,3,24,4850.4800000000005,5,4,4,544,Champions
10763.0,11,18,3000.27,4,4,3,443,Loyal Customers
10764.0,31,19,4316.62,3,4,4,344,Loyal Customers
10765.0,2,27,4763.42,5,4,4,544,Champions
10766.0,75,4,641.44,2,1,1,211,Lost Customers
10767.0,17,19,4650.92,4,4,4,444,Champions
10768.0,44,9,1788.72,2,2,2,222,Lost Customers
10769.0,154,6,736.73,1,1,1,111,Lost Customers
10770.0,4,65,10397.48,5,5,5,555,Champions
10771.0,5,58,11483.79,5,5,5,555,Champions
10772.0,1,42,6885.9,5,5,5,555,Champions
10773.0,40,22,3471.96,2,4,4,244,At Risk
10774.0,2,40,8900.74,5,5,5,555,Champions
10775.0,16,15,3019.12,4,3,3,433,Potential Loyalists
10776.0,78,12,1949.3899999999999,1,3,2,132,At Risk
10777.0,100,6,700.21,1,1,1,111,Lost Customers
10778.0,13,21,3450.89,4,4,4,444,Champions
10779.0,18,9,1384.77,4,2,2,422,Potential Loyalists
10780.0,48,5,768.06,2,1,1,211,Lost Customers
10781.0,52,11,1867.84,2,2,2,222,Lost Customers
10782.0,56,6,522.13,2,1,1,211,Lost Customers
10783.0,17,68,14865.630000000001,4,5,5,455,Champions
10784.0,3,30,6106.93,5,5,5,555,Champions
10785.0,71,15,4095.66,2,3,4,234,At Risk
10786.0,27,16,2285.27,3,3,3,333,Potential Loyalists
10787.0,8,18,4773.49,4,4,4,444,Champions
10788.0,66,15,3200.97,2,3,3,233,At Risk
10789.0,36,7,1149.19,3,2,1,321,Potential Loyalists
10790.0,9,10,2391.6,4,2,3,423,Potential Loyalists
10791.0,129,6,674.42,1,1,1,111,Lost Customers
10792.0,130,4,665.4100000000001,1,1,1,111,Lost Customers
10793.0,34,18,3634.94,3,4,4,344,Loyal Customers
10794.0,16,19,3316.06,4,4,3,443,Loyal Customers
10795.0,34,7,1981.49,3,2,2,322,Potential Loyalists
10796.0,8,11,2319.08,4,2,3,423,Potential Loyalists
10797.0,5,27,5212.64,5,4,4,544,Champions
10798.0,27,36,7065.8,3,5,5,355,Loyal Customers
10799.0,45,25,3596.17,2,4,4,244,At Risk
10800.0,39,13,3525.23,2,3,4,234,At Risk
10801.0,117,7,1636.92,1,2,2,122,Lost Customers
10802.0,34,5,367.19,3,1,1,311,Potential Loyalists
10803.0,21,21,3981.39,3,4,4,344,Loyal Customers
10804.0,55,19,5542.5599999999995,2,4,4,244,At Risk
10805.0,30,40,6639.34,3,5,5,355,Loyal Customers
10806.0,20,35,7374.28,3,5,5,355,Loyal Customers
10807.0,13,10,1630.47,4,2,2,422,Potential Loyalists
10808.0,45,14,2321.38,2,3,3,233,At Risk
10809.0,33,13,3367.81,3,3,3,333,Potential Loyalists
10810.0,19,14,2890.46,4,3,3,433,Potential Loyalists
10811.0,1,11,1738.42,5,2,2,522,Potential Loyalists
10812.0,72,9,1409.5800000000002,2,2,2,222,Lost Customers
10813.0,30,18,2636.2000000000003,3,4,3,343,Loyal Customers
10814.0,157,7,1109.89,1,2,1,121,Lost Customers
10815.0,33,9,1622.37,3,2,2,322,Potential Loyalists
10816.0,38,19,3728.81,3,4,4,344,Loyal Customers
10817.0,8,12,2567.66,4,3,3,433,Potential Loyalists
10818.0,14,16,3913.43,4,3,4,434,Big Spenders
10819.0,46,20,3182.87,2,4,3,243,At Risk
10820.0,178,3,521.94,1,1,1,111,Lost Customers
10821.0,38,10,1167.87,3,2,1,321,Potential Loyalists
10822.0,12,39,8314.49,4,5,5,455,Champions
10823.0,76,14,4292.34,2,3,4,234,At Risk
10824.0,34,3,746.09,3,1,1,311,Potential Loyalists
10825.0,419,3,476.81,1,1,1,111,Lost Customers
10826.0,27,9,1303.4699999999998,3,2,1,321,Potential Loyalists
10827.0,63,20,3389.52,2,4,3,243,At Risk
10828.0,19,10,2525.2,4,2,3,423,Potential Loyalists
10829.0,5,45,8803.0,5,5,5,555,Champions
10830.0,67,2,297.84,2,1,1,211,Lost Customers
10831.0,25,20,3060.49,3,4,3,343,Loyal Customers
10832.0,16,62,11833.75,4,5,5,455,Champions
10833.0,18,6,991.17,4,1,1,411,Potential Loyalists
10834.0,21,13,2156.45,3,3,2,332,Potential Loyalists
10835.0,34,4,397.33,3,1,1,311,Potential Loyalists
10836.0,128,6,1947.67,1,1,2,112,Lost Customers
10837.0,18,12,2428.51,4,3,3,433,Potential Loyalists
10838.0,9,38,5881.01,4,5,5,455,Champions
10839.0,12,65,14998.58,4,5,5,455,Champions
10840.0,80,15,2650.53,1,3,3,133,At Risk
10841.0,3,70,13412.65,5,5,5,555,Champions
10842.0,19,11,2161.23,4,2,2,422,Potential Loyalists
10843.0,6,59,10877.630000000001,5,5,5,555,Champions
10844.0,98,14,3489.1800000000003,1,3,4,134,At Risk
10845.0,59,14,2188.1,2,3,2,232,At Risk
10846.0,44,20,3675.32,2,4,4,244,At Risk
10847.0,10,173,32168.73,4,5,5,455,Champions
10848.0,14,24,4983.62,4,4,4,444,Champions
10849.0,103,7,1257.33,1,2,1,121,Lost Customers
10850.0,9,25,4458.45,4,4,4,444,Champions
10851.0,13,14,2166.13,4,3,2,432,Potential Loyalists
10852.0,349,7,1500.07,1,2,2,122,Lost Customers
10853.0,11,32,6040.83,4,5,5,455,Champions
10854.0,23,11,2234.82,3,2,2,322,Potential Loyalists
10855.0,62,11,2668.42,2,2,3,223,Potential Loyalists
10856.0,9,16,3205.83,4,3,3,433,Potential Loyalists
10857.0,2,21,4176.51,5,4,4,544,Champions
10858.0,13,22,2929.6400000000003,4,4,3,443,Loyal Customers
10859.0,102,2,389.70000000000005,1,1,1,111,Lost Customers
10860.0,18,13,2746.4300000000003,4,3,3,433,Potential Loyalists
10861.0,13,7,1425.37,4,2,2,422,Potential Loyalists
10862.0,218,4,650.86,1,1,1,111,Lost Customers
10863.0,31,9,1778.0,3,2,2,322,Potential Loyalists
10864.0,42,12,2720.33,2,3,3,233,At Risk
10865.0,112,11,1742.94,1,2,2,122,Lost Customers
10866.0,2,38,8616.960000000001,5,5,5,555,Champions
10867.0,189,3,567.8499999999999,1,1,1,111,Lost Customers
10868.0,119,7,1250.18,1,2,1,121,Lost Customers
10869.0,17,11,1693.87,4,2,2,422,Potential Loyalists
10870.0,17,18,3273.44,4,4,3,443,Loyal Customers
10871.0,21,20,5453.84,3,4,4,344,Loyal Customers
10872.0,37,7,847.19,3,2,1,321,Potential Loyalists
10873.0,6,24,5747.0599999999995,5,4,5,545,Champions
10874.0,35,20,3776.17,3,4,4,344,Loyal Customers
10875.0,496,1,150.03,1,1,1,111,Lost Customers
10876.0,42,5,856.92,2,1,1,211,Lost Customers
10877.0,1,13,2533.91,5,3,3,533,Potential Loyalists
10878.0,1,14,3096.87,5,3,3,533,Potential Loyalists
10879.0,23,12,1526.54,3,3,2,332,Potential Loyalists
10880.0,10,13,1816.62,4,3,2,432,Potential Loyalists
10881.0,8,17,3179.82,4,3,3,433,Potential Loyalists
10882.0,2,36,7745.07,5,5,5,555,Champions
10883.0,64,11,2282.35,2,2,3,223,Potential Loyalists
10884.0,6,11,1624.42,5,2,2,522,Potential Loyalists
10885.0,129,4,984.37,1,1,1,111,Lost Customers
10886.0,9,18,4327.84,4,4,4,444,Champions
10887.0,9,45,10121.92,4,5,5,455,Champions
10888.0,21,6,1178.72,3,1,1,311,Potential Loyalists
10889.0,284,4,408.52,1,1,1,111,Lost Customers
10890.0,50,4,484.49,2,1,1,211,Lost Customers
10891.0,1,7,856.98,5,2,1,521,Potential Loyalists
10892.0,120,10,1227.38,1,2,1,121,Lost Customers
10893.0,10,13,2856.5,4,3,3,433,Potential Loyalists
10894.0,40,14,2748.84,2,3,3,233,At Risk
10895.0,36,14,2504.41,3,3,3,333,Potential Loyalists
10896.0,20,39,8910.13,3,5,5,355,Loyal Customers
10897.0,33,15,2552.34,3,3,3,333,Potential Loyalists
10898.0,73,1,491.37,2,1,1,211,Lost Customers
10899.0,56,23,4568.78,2,4,4,244,At Risk
10900.0,91,5,1095.41,1,1,1,111,Lost Customers
10901.0,55,20,3639.77,2,4,4,244,At Risk
10902.0,6,16,2526.91,5,3,3,533,Potential Loyalists
10903.0,19,11,2965.94,4,2,3,423,Potential Loyalists
10904.0,3,59,12633.2,5,5,5,555,Champions
10905.0,18,10,1618.3,4,2,2,422,Potential Loyalists
10906.0,1,88,17470.62,5,5,5,555,Champions
10907.0,18,19,2911.29,4,4,3,443,Loyal Customers
10908.0,237,6,639.96,1,1,1,111,Lost Customers
10909.0,32,19,2916.46,3,4,3,343,Loyal Customers
10910.0,67,6,1238.04,2,1,1,211,Lost Customers
10911.0,93,5,919.4599999999999,1,1,1,111,Lost Customers
10912.0,1,29,5008.68,5,5,4,554,Champions
10913.0,8,27,5248.79,4,4,4,444,Champions
10914.0,211,12,2204.01,1,3,2,132,At Risk
10915.0,41,22,3540.42,2,4,4,244,At Risk
10916.0,8,38,6772.14,4,5,5,455,Champions
10917.0,20,43,7757.03,3,5,5,355,Loyal Customers
10918.0,20,19,4019.6200000000003,3,4,4,344,Loyal Customers
10919.0,11,56,11455.22,4,5,5,455,Champions
10920.0,278,4,1302.71,1,1,1,111,Lost Customers
10921.0,9,16,3321.01,4,3,3,433,Potential Loyalists
10922.0,57,4,629.43,2,1,1,211,Lost Customers
10923.0,12,16,3775.54,4,3,4,434,Big Spenders
10924.0,154,4,546.73,1,1,1,111,Lost Customers
10925.0,39,14,3442.56,2,3,4,234,At Risk
10926.0,9,56,10956.34,4,5,5,455,Champions
10927.0,94,17,3210.3,1,3,3,133,At Risk
10928.0,26,20,4509.12,3,4,4,344,Loyal Customers
10929.0,5,8,1528.93,5,2,2,522,Potential Loyalists
10930.0,48,17,3471.95,2,3,4,234,At Risk
10931.0,23,16,2808.36,3,3,3,333,Potential Loyalists
10932.0,27,18,3539.96,3,4,4,344,Loyal Customers
10933.0,5,32,7010.66,5,5,5,555,Champions
10934.0,2,45,7941.65,5,5,5,555,Champions
10935.0,30,15,2530.5899999999997,3,3,3,333,Potential Loyalists
10936.0,5,21,4277.85,5,4,4,544,Champions
10937.0,23,6,836.01,3,1,1,311,Potential Loyalists
10938.0,22,20,3594.1,3,4,4,344,Loyal Customers
10939.0,43,29,6833.29,2,5,5,255,At Risk
10940.0,1,39,6401.41,5,5,5,555,Champions
10941.0,56,19,4508.89,2,4,4,244,At Risk
10942.0,16,30,6406.43,4,5,5,455,Champions
10943.0,106,14,2132.87,1,3,2,132,At Risk
10944.0,4,40,8903.2,5,5,5,555,Champions
10945.0,91,16,2911.73,1,3,3,133,At Risk
10946.0,14,14,2757.36,4,3,3,433,Potential Loyalists
10947.0,17,31,4899.65,4,5,4,454,Champions
10948.0,143,1,377.64,1,1,1,111,Lost Customers
10949.0,37,21,4324.82,3,4,4,344,Loyal Customers
10951.0,68,3,1999.01,2,1,2,212,Lost Customers
10952.0,85,22,3374.57,1,4,3,143,At Risk
10953.0,26,19,3735.16,3,4,4,344,Loyal Customers
10954.0,2,4,829.38,5,1,1,511,Potential Loyalists
10955.0,190,3,995.28,1,1,1,111,Lost Customers
10956.0,4,42,7385.57,5,5,5,555,Champions
10957.0,12,12,2458.56,4,3,3,433,Potential Loyalists
10958.0,4,82,15711.02,5,5,5,555,Champions
10959.0,22,14,4017.38,3,3,4,334,Potential Loyalists
10960.0,23,18,3829.69,3,4,4,344,Loyal Customers
10961.0,17,45,11753.68,4,5,5,455,Champions
10962.0,87,12,1774.15,1,3,2,132,At Risk
10963.0,19,7,497.1,4,2,1,421,Potential Loyalists
10964.0,20,14,2669.51,3,3,3,333,Potential Loyalists
10965.0,109,10,1434.53,1,2,2,122,Lost Customers
10966.0,48,4,924.52,2,1,1,211,Lost Customers
10967.0,26,14,1812.73,3,3,2,332,Potential Loyalists
10968.0,42,10,962.72,2,2,1,221,Lost Customers
10969.0,1,28,4220.29,5,5,4,554,Champions
10970.0,23,10,2958.12,3,2,3,323,Potential Loyalists
10971.0,104,15,3116.14,1,3,3,133,At Risk
10972.0,40,10,1786.48,2,2,2,222,Lost Customers
10973.0,78,19,4161.24,1,4,4,144,At Risk
10974.0,2,27,4112.28,5,4,4,544,Champions
10975.0,41,9,1605.96,2,2,2,222,Lost Customers
10976.0,150,3,310.26,1,1,1,111,Lost Customers
10977.0,2,29,6895.53,5,5,5,555,Champions
10978.0,56,13,2723.59,2,3,3,233,At Risk
10979.0,27,1,112.94,3,1,1,311,Potential Loyalists
10980.0,1,25,5033.26,5,4,4,544,Champions
10981.0,71,17,4376.88,2,3,4,234,At Risk
10982.0,60,5,530.38,2,1,1,211,Lost Customers
10983.0,34,19,4121.95,3,4,4,344,Loyal Customers
10984.0,64,23,3292.24,2,4,3,243,At Risk
10985.0,7,25,4348.5599999999995,5,4,4,544,Champions
10986.0,13,14,2756.62,4,3,3,433,Potential Loyalists
10987.0,20,4,998.45,3,1,1,311,Potential Loyalists
10988.0,12,14,3266.4,4,3,3,433,Potential Loyalists
10989.0,5,14,2611.16,5,3,3,533,Potential Loyalists
10990.0,10,7,1667.1,4,2,2,422,Potential Loyalists
10991.0,17,23,5051.9,4,4,4,444,Champions
10992.0,12,49,11736.9,4,5,5,455,Champions
10993.0,16,71,14446.119999999999,4,5,5,455,Champions
10994.0,25,39,8246.9,3,5,5,355,Loyal Customers
10995.0,31,15,3456.14,3,3,4,334,Potential Loyalists
10996.0,41,15,3501.54,2,3,4,234,At Risk
10997.0,32,31,6663.98,3,5,5,355,Loyal Customers
10998.0,20,19,3878.58,3,4,4,344,Loyal Customers
10999.0,23,21,3696.04,3,4,4,344,Loyal Customers
11000.0,9,20,4070.51,4,4,4,444,Champions
11001.0,67,8,1138.58,2,2,1,221,Lost Customers
11002.0,69,5,1105.19,2,1,1,211,Lost Customers
11003.0,59,11,1649.55,2,2,2,222,Lost Customers
11004.0,32,22,4252.35,3,4,4,344,Loyal Customers
11005.0,54,12,2547.54,2,3,3,233,At Risk
11006.0,37,19,3103.11,3,4,3,343,Loyal Customers
11007.0,14,25,4480.99,4,4,4,444,Champions
11008.0,2,8,1961.1100000000001,5,2,2,522,Potential Loyalists
11009.0,8,24,5394.2,4,4,4,444,Champions
11010.0,11,18,4179.6,4,4,4,444,Champions
11011.0,165,4,627.19,1,1,1,111,Lost Customers
11012.0,2,36,6913.21,5,5,5,555,Champions
11013.0,30,19,4332.64,3,4,4,344,Loyal Customers
11014.0,159,5,1798.12,1,1,2,112,Lost Customers
11015.0,72,5,1368.6,2,1,2,212,Lost Customers
11016.0,396,3,611.02,1,1,1,111,Lost Customers
11017.0,5,15,3116.7,5,3,3,533,Potential Loyalists
11018.0,83,16,3998.77,1,3,4,134,At Risk
11019.0,140,8,1638.71,1,2,2,122,Lost Customers
11020.0,96,18,1897.15,1,4,2,142,At Risk
11021.0,24,18,2690.05,3,4,3,343,Loyal Customers
11022.0,18,21,3627.24,4,4,4,444,Champions
11023.0,77,15,2372.83,2,3,3,233,At Risk
11024.0,2,20,3950.7200000000003,5,4,4,544,Champions
11025.0,81,5,948.96,1,1,1,111,Lost Customers
11026.0,82,17,3242.34,1,3,3,133,At Risk
11027.0,23,3,123.19,3,1,1,311,Potential Loyalists
11028.0,48,13,2989.99,2,3,3,233,At Risk
11029.0,16,20,3326.38,4,4,3,443,Loyal Customers
11030.0,1,28,6599.81,5,5,5,555,Champions
11031.0,40,40,7608.96,2,5,5,255,At Risk
11032.0,15,15,2556.81,4,3,3,433,Potential Loyalists
11033.0,28,8,1818.4399999999998,3,2,2,322,Potential Loyalists
11034.0,53,15,3864.39,2,3,4,234,At Risk
11035.0,11,6,1290.4,4,1,1,411,Potential Loyalists
11036.0,5,20,3276.0899999999997,5,4,3,543,Loyal Customers
11037.0,5,31,7877.82,5,5,5,555,Champions
11038.0,240,4,826.9,1,1,1,111,Lost Customers
11039.0,5,20,4152.02,5,4,4,544,Champions
11040.0,4,24,4481.8099999999995,5,4,4,544,Champions
11041.0,57,7,2006.46,2,2,2,222,Lost Customers
11042.0,11,31,6857.99,4,5,5,455,Champions
11043.0,78,26,4708.29,1,4,4,144,At Risk
11044.0,5,16,4586.92,5,3,4,534,Big Spenders
11045.0,28,13,2640.24,3,3,3,333,Potential Loyalists
11046.0,23,12,2343.59,3,3,3,333,Potential Loyalists
11047.0,25,9,2065.64,3,2,2,322,Potential Loyalists
11048.0,21,25,6226.17,3,4,5,345,Loyal Customers
11049.0,46,5,709.1500000000001,2,1,1,211,Lost Customers
11050.0,6,17,3262.6,5,3,3,533,Potential Loyalists
11051.0,221,6,1690.03,1,1,2,112,Lost Customers
11052.0,38,9,1841.17,3,2,2,322,Potential Loyalists
11053.0,3,16,3590.41,5,3,4,534,Big Spenders
11054.0,7,112,23548.97,5,5,5,555,Champions
11055.0,297,5,575.34,1,1,1,111,Lost Customers
11056.0,7,38,7467.900000000001,5,5,5,555,Champions
11057.0,25,16,4351.69,3,3,4,334,Potential Loyalists
11058.0,8,23,4080.01,4,4,4,444,Champions
11059.0,82,25,5238.14,1,4,4,144,At Risk
11060.0,10,23,3829.68,4,4,4,444,Champions
11061.0,17,20,4062.08,4,4,4,444,Champions
11062.0,11,46,9216.77,4,5,5,455,Champions
11063.0,114,9,1513.29,1,2,2,122,Lost Customers
11064.0,33,33,5112.86,3,5,4,354,Loyal Customers
11065.0,47,12,2863.79,2,3,3,233,At Risk
11066.0,61,20,4940.43,2,4,4,244,At Risk
11067.0,31,7,1053.45,3,2,1,321,Potential Loyalists
11068.0,3,17,3196.03,5,3,3,533,Potential Loyalists
11069.0,16,50,10117.33,4,5,5,455,Champions
11070.0,16,16,4249.4800000000005,4,3,4,434,Big Spenders
11071.0,90,6,1110.21,1,1,1,111,Lost Customers
11072.0,459,2,314.25,1,1,1,111,Lost Customers
11073.0,3,11,2311.8,5,2,3,523,Potential Loyalists
11074.0,225,3,418.78999999999996,1,1,1,111,Lost Customers
11075.0,41,9,2005.5,2,2,2,222,Lost Customers
11076.0,22,17,3751.04,3,3,4,334,Potential Loyalists
11077.0,1,35,7059.61,5,5,5,555,Champions
11078.0,5,132,25418.72,5,5,5,555,Champions
11079.0,62,9,1718.0700000000002,2,2,2,222,Lost Customers
11080.0,2,45,10194.3,5,5,5,555,Champions
11081.0,27,15,2196.62,3,3,2,332,Potential Loyalists
11082.0,4,9,1650.03,5,2,2,522,Potential Loyalists
11083.0,5,22,3862.28,5,4,4,544,Champions
11084.0,85,6,1274.4099999999999,1,1,1,111,Lost Customers
11085.0,15,9,1248.1,4,2,1,421,Potential Loyalists
11086.0,54,12,3439.98,2,3,4,234,At Risk
11087.0,77,7,1526.2,2,2,2,222,Lost Customers
11088.0,15,5,865.81,4,1,1,411,Potential Loyalists
11089.0,4,38,7260.87,5,5,5,555,Champions
11090.0,65,8,1986.1599999999999,2,2,2,222,Lost Customers
11091.0,22,10,2302.92,3,2,3,323,Potential Loyalists
11092.0,4,18,2638.46,5,4,3,543,Loyal Customers
11093.0,52,37,7935.77,2,5,5,255,At Risk
11094.0,22,26,4295.51,3,4,4,344,Loyal Customers
11095.0,13,12,1668.3,4,3,2,432,Potential Loyalists
11096.0,26,38,7263.8,3,5,5,355,Loyal Customers
11097.0,17,65,13177.46,4,5,5,455,Champions
11098.0,36,18,3729.48,3,4,4,344,Loyal Customers
11099.0,5,34,5829.36,5,5,5,555,Champions
11100.0,6,47,8607.27,5,5,5,555,Champions
11101.0,39,26,4125.29,2,4,4,244,At Risk
11102.0,11,29,4915.13,4,5,4,454,Champions
11103.0,27,27,5845.7,3,4,5,345,Loyal Customers
11104.0,32,23,4613.82,3,4,4,344,Loyal Customers
11105.0,107,2,209.79000000000002,1,1,1,111,Lost Customers
11106.0,55,22,3321.2000000000003,2,4,3,243,At Risk
11107.0,57,3,1137.75,2,1,1,211,Lost Customers
11108.0,29,11,2569.12,3,2,3,323,Potential Loyalists
11109.0,9,47,9292.77,4,5,5,455,Champions
11110.0,12,29,6031.75,4,5,5,455,Champions
11111.0,4,54,9132.13,5,5,5,555,Champions
11112.0,38,7,1223.27,3,2,1,321,Potential Loyalists
11113.0,85,9,2001.2,1,2,2,122,Lost Customers
11114.0,79,8,1288.94,1,2,1,121,Lost Customers
11115.0,11,15,3538.65,4,3,4,434,Big Spenders
11116.0,35,17,3013.45,3,3,3,333,Potential Loyalists
11117.0,7,32,6298.38,5,5,5,555,Champions
11118.0,47,15,2629.16,2,3,3,233,At Risk
11119.0,147,21,4288.64,1,4,4,144,At Risk
11120.0,53,8,2385.73,2,2,3,223,Potential Loyalists
11121.0,41,26,3893.69,2,4,4,244,At Risk
11122.0,5,19,4424.72,5,4,4,544,Champions
11123.0,64,5,916.27,2,1,1,211,Lost Customers
11124.0,11,12,2034.79,4,3,2,432,Potential Loyalists
11125.0,46,12,2896.56,2,3,3,233,At Risk
11126.0,42,8,1234.88,2,2,1,221,Lost Customers
11127.0,14,64,12729.82,4,5,5,455,Champions
11128.0,12,13,2505.6800000000003,4,3,3,433,Potential Loyalists
11129.0,8,13,2682.77,4,3,3,433,Potential Loyalists
11130.0,255,1,104.1,1,1,1,111,Lost Customers
11131.0,299,4,1425.8200000000002,1,1,2,112,Lost Customers
11132.0,18,15,3615.4300000000003,4,3,4,434,Big Spenders
11133.0,38,14,2119.09,3,3,2,332,Potential Loyalists
11134.0,19,31,5901.71,4,5,5,455,Champions
11135.0,8,9,2480.65,4,2,3,423,Potential Loyalists
11136.0,5,43,8789.49,5,5,5,555,Champions
11137.0,54,12,2518.82,2,3,3,233,At Risk
11138.0,2,19,3270.63,5,4,3,543,Loyal Customers
11139.0,15,8,1805.01,4,2,2,422,Potential Loyalists
11140.0,41,11,2184.78,2,2,2,222,Lost Customers
11141.0,10,53,10215.65,4,5,5,455,Champions
11142.0,326,4,1085.55,1,1,1,111,Lost Customers
11143.0,381,2,410.95,1,1,1,111,Lost Customers
11144.0,24,10,1439.27,3,2,2,322,Potential Loyalists
11145.0,5,22,5717.79,5,4,5,545,Champions
11146.0,39,29,5806.27,2,5,5,255,At Risk
11147.0,21,25,4339.73,3,4,4,344,Loyal Customers
11148.0,27,5,891.77,3,1,1,311,Potential Loyalists
11149.0,10,26,5424.97,4,4,4,444,Champions
11150.0,34,38,7791.35,3,5,5,355,Loyal Customers
11151.0,6,17,3204.97,5,3,3,533,Potential Loyalists
11152.0,18,34,7048.54,4,5,5,455,Champions
11153.0,1,14,2506.5,5,3,3,533,Potential Loyalists
11154.0,54,9,1514.85,2,2,2,222,Lost Customers
11155.0,12,19,4116.8099999999995,4,4,4,444,Champions
11156.0,11,19,4890.29,4,4,4,444,Champions
11157.0,22,13,2039.06,3,3,2,332,Potential Loyalists
11158.0,5,54,10763.28,5,5,5,555,Champions
11159.0,273,2,458.46000000000004,1,1,1,111,Lost Customers
11160.0,73,5,776.76,2,1,1,211,Lost Customers
11161.0,83,6,549.68,1,1,1,111,Lost Customers
11162.0,6,6,1093.62,5,1,1,511,Potential Loyalists
11163.0,84,11,2432.2799999999997,1,2,3,123,Potential Loyalists
11164.0,68,7,780.97,2,2,1,221,Lost Customers
11165.0,3,3,384.24,5,1,1,511,Potential Loyalists
11166.0,138,7,1361.53,1,2,2,122,Lost Customers
11167.0,5,97,17406.53,5,5,5,555,Champions
11168.0,10,64,13399.23,4,5,5,455,Champions
11169.0,7,14,2893.82,5,3,3,533,Potential Loyalists
11170.0,97,7,1153.46,1,2,1,121,Lost Customers
11171.0,37,7,1114.61,3,2,1,321,Potential Loyalists
11172.0,85,1,476.92,1,1,1,111,Lost Customers
11173.0,24,14,2953.67,3,3,3,333,Potential Loyalists
11174.0,7,9,1210.42,5,2,1,521,Potential Loyalists
11175.0,22,16,2973.25,3,3,3,333,Potential Loyalists
11176.0,27,4,666.58,3,1,1,311,Potential Loyalists
11177.0,294,2,563.97,1,1,1,111,Lost Customers
11178.0,3,13,3898.49,5,3,4,534,Big Spenders
11179.0,14,18,3722.31,4,4,4,444,Champions
11180.0,70,20,4956.8099999999995,2,4,4,244,At Risk
11181.0,31,13,2032.7,3,3,2,332,Potential Loyalists
11182.0,3,25,5760.61,5,4,5,545,Champions
11183.0,8,12,2626.69,4,3,3,433,Potential Loyalists
11184.0,26,26,3959.15,3,4,4,344,Loyal Customers
11185.0,64,14,3209.88,2,3,3,233,At Risk
11186.0,31,5,871.26,3,1,1,311,Potential Loyalists
11187.0,2,10,2903.75,5,2,3,523,Potential Loyalists
11188.0,12,19,6886.6,4,4,5,445,Champions
11189.0,15,24,5276.82,4,4,4,444,Champions
11190.0,176,6,960.5799999999999,1,1,1,111,Lost Customers
11191.0,8,42,8841.81,4,5,5,455,Champions
11192.0,19,37,10228.65,4,5,5,455,Champions
11193.0,25,13,2299.07,3,3,3,333,Potential Loyalists
11194.0,48,24,5464.57,2,4,4,244,At Risk
11195.0,5,72,12460.32,5,5,5,555,Champions
11196.0,1,73,13528.74,5,5,5,555,Champions
11197.0,301,4,186.70999999999998,1,1,1,111,Lost Customers
11198.0,139,9,2043.8600000000001,1,2,2,122,Lost Customers
11199.0,1,54,10073.9,5,5,5,555,Champions
11200.0,16,7,1963.2,4,2,2,422,Potential Loyalists
11201.0,21,2,472.06,3,1,1,311,Potential Loyalists
11202.0,32,7,1198.9099999999999,3,2,1,321,Potential Loyalists
11203.0,38,16,4382.46,3,3,4,334,Potential Loyalists
11204.0,59,5,717.89,2,1,1,211,Lost Customers
11205.0,31,12,2635.17,3,3,3,333,Potential Loyalists
11206.0,29,8,883.02,3,2,1,321,Potential Loyalists
11207.0,40,9,1677.0,2,2,2,222,Lost Customers
11208.0,314,3,369.36,1,1,1,111,Lost Customers
11209.0,1,87,16741.95,5,5,5,555,Champions
11210.0,86,22,3743.31,1,4,4,144,At Risk
11211.0,10,33,5655.29,4,5,5,455,Champions
11212.0,61,14,2899.49,2,3,3,233,At Risk
11213.0,20,15,3488.34,3,3,4,334,Potential Loyalists
11214.0,93,10,2046.74,1,2,2,122,Lost Customers
11215.0,57,2,278.98,2,1,1,211,Lost Customers
11216.0,62,7,1821.9,2,2,2,222,Lost Customers
11217.0,137,2,198.0,1,1,1,111,Lost Customers
11219.0,45,4,779.39,2,1,1,211,Lost Customers
11220.0,2,43,7977.59,5,5,5,555,Champions
11221.0,140,12,2538.53,1,3,3,133,At Risk
11222.0,6,34,6883.07,5,5,5,555,Champions
11223.0,30,21,3478.03,3,4,4,344,Loyal Customers
11224.0,7,36,6949.87,5,5,5,555,Champions
11225.0,304,5,467.48999999999995,1,1,1,111,Lost Customers
11226.0,12,17,2976.9,4,3,3,433,Potential Loyalists
11227.0,15,29,3995.48,4,5,4,454,Champions
11228.0,14,12,2087.93,4,3,2,432,Potential Loyalists
11229.0,12,24,4502.96,4,4,4,444,Champions
11230.0,110,17,2990.14,1,3,3,133,At Risk
11231.0,43,13,3167.34,2,3,3,233,At Risk
11232.0,10,5,552.63,4,1,1,411,Potential Loyalists
11233.0,73,8,1224.1499999999999,2,2,1,221,Lost Customers
11234.0,2,19,2158.07,5,4,2,542,Loyal Customers
11235.0,14,14,2711.32,4,3,3,433,Potential Loyalists
11236.0,81,8,1569.66,1,2,2,122,Lost Customers
11237.0,42,18,2842.5299999999997,2,4,3,243,At Risk
11238.0,43,22,3214.4,2,4,3,243,At Risk
11239.0,52,18,2967.46,2,4,3,243,At Risk
11240.0,12,49,11332.67,4,5,5,455,Champions
11241.0,8,38,7494.88,4,5,5,455,Champions
11242.0,162,4,705.21,1,1,1,111,Lost Customers
11243.0,2,52,12592.87,5,5,5,555,Champions
11244.0,32,10,2259.86,3,2,2,322,Potential Loyalists
11245.0,51,26,5455.95,2,4,4,244,At Risk
11246.0,10,15,2342.06,4,3,3,433,Potential Loyalists
11247.0,74,6,1234.6399999999999,2,1,1,211,Lost Customers
11248.0,191,4,780.88,1,1,1,111,Lost Customers
11249.0,19,12,3219.31,4,3,3,433,Potential Loyalists
11250.0,221,5,1816.29,1,1,2,112,Lost Customers
11251.0,2,32,5045.04,5,5,4,554,Champions
11252.0,6,61,11519.64,5,5,5,555,Champions
11253.0,237,6,1238.74,1,1,1,111,Lost Customers
11254.0,13,19,3742.28,4,4,4,444,Champions
11255.0,246,7,965.89,1,2,1,121,Lost Customers
11256.0,28,13,3657.05,3,3,4,334,Potential Loyalists
11257.0,14,32,7392.45,4,5,5,455,Champions
11258.0,69,13,1875.19,2,3,2,232,At Risk
11259.0,18,61,11878.25,4,5,5,455,Champions
11260.0,5,15,3343.6,5,3,3,533,Potential Loyalists
11261.0,6,36,8557.85,5,5,5,555,Champions
11262.0,13,12,2464.84,4,3,3,433,Potential Loyalists
11263.0,6,21,3878.4,5,4,4,544,Champions
11264.0,53,16,3731.27,2,3,4,234,At Risk
11265.0,54,16,2897.35,2,3,3,233,At Risk
11266.0,28,15,2558.45,3,3,3,333,Potential Loyalists
11267.0,112,9,2651.83,1,2,3,123,Potential Loyalists
11268.0,27,33,5959.070000000001,3,5,5,355,Loyal Customers
11269.0,15,39,7835.37,4,5,5,455,Champions
11270.0,16,30,7401.43,4,5,5,455,Champions
11271.0,16,46,7746.2300000000005,4,5,5,455,Champions
11272.0,3,38,7700.18,5,5,5,555,Champions
11273.0,24,8,1796.04,3,2,2,322,Potential Loyalists
11274.0,136,15,3037.7599999999998,1,3,3,133,At Risk
11275.0,4,12,1641.7,5,3,2,532,Potential Loyalists
11276.0,22,16,3420.11,3,3,3,333,Potential Loyalists
11277.0,8,6,475.48,4,1,1,411,Potential Loyalists
11278.0,8,44,7332.08,4,5,5,455,Champions
11279.0,7,16,2312.0,5,3,3,533,Potential Loyalists
11280.0,49,20,3243.96,2,4,3,243,At Risk
11281.0,17,29,6114.7,4,5,5,455,Champions
11282.0,181,3,423.38,1,1,1,111,Lost Customers
11284.0,7,32,6331.42,5,5,5,555,Champions
11285.0,65,18,3344.56,2,4,3,243,At Risk
11286.0,55,14,4511.74,2,3,4,234,At Risk
11287.0,98,3,904.3199999999999,1,1,1,111,Lost Customers
11288.0,25,18,4696.13,3,4,4,344,Loyal Customers
11289.0,3,64,12851.94,5,5,5,555,Champions
11290.0,77,21,4760.82,2,4,4,244,At Risk
11291.0,42,13,2195.4900000000002,2,3,2,232,At Risk
11292.0,53,11,1933.06,2,2,2,222,Lost Customers
11293.0,166,6,1242.45,1,1,1,111,Lost Customers
11294.0,102,3,358.74,1,1,1,111,Lost Customers
11295.0,15,27,5175.7,4,4,4,444,Champions
11296.0,15,30,5981.9,4,5,5,455,Champions
11297.0,389,4,993.2,1,1,1,111,Lost Customers
11298.0,62,11,1885.44,2,2,2,222,Lost Customers
11299.0,89,7,1612.36,1,2,2,122,Lost Customers
11300.0,5,11,2917.05,5,2,3,523,Potential Loyalists
11301.0,36,13,2476.12,3,3,3,333,Potential Loyalists
11302.0,353,2,114.3,1,1,1,111,Lost Customers
11303.0,12,22,4018.13,4,4,4,444,Champions
11304.0,10,26,5585.42,4,4,5,445,Champions
11305.0,112,10,1068.67,1,2,1,121,Lost Customers
11306.0,343,1,243.96,1,1,1,111,Lost Customers
11307.0,142,4,319.91,1,1,1,111,Lost Customers
11308.0,1,33,6596.8099999999995,5,5,5,555,Champions
11309.0,16,2,458.59,4,1,1,411,Potential Loyalists
11310.0,247,7,1227.04,1,2,1,121,Lost Customers
11311.0,18,6,1826.6799999999998,4,1,2,412,Potential Loyalists
11312.0,31,33,7203.95,3,5,5,355,Loyal Customers
11313.0,56,5,747.4100000000001,2,1,1,211,Lost Customers
11314.0,13,26,4494.3,4,4,4,444,Champions
11315.0,29,14,2464.43,3,3,3,333,Potential Loyalists
11316.0,1,64,13286.82,5,5,5,555,Champions
11317.0,20,15,3473.67,3,3,4,334,Potential Loyalists
11318.0,4,17,3260.23,5,3,3,533,Potential Loyalists
11319.0,30,2,227.44,3,1,1,311,Potential Loyalists
11320.0,38,40,8159.92,3,5,5,355,Loyal Customers
11321.0,35,11,2176.01,3,2,2,322,Potential Loyalists
11322.0,145,10,1971.78,1,2,2,122,Lost Customers
11323.0,7,18,3315.01,5,4,3,543,Loyal Customers
11324.0,38,7,1172.62,3,2,1,321,Potential Loyalists
11325.0,3,19,4323.0,5,4,4,544,Champions
11326.0,21,38,9535.73,3,5,5,355,Loyal Customers
11327.0,131,10,2462.21,1,2,3,123,Potential Loyalists
11328.0,186,3,203.06,1,1,1,111,Lost Customers
11329.0,14,20,2785.55,4,4,3,443,Loyal Customers
11330.0,3,28,5405.25,5,5,4,554,Champions
11331.0,496,1,34.06,1,1,1,111,Lost Customers
11332.0,56,14,1483.29,2,3,2,232,At Risk
11333.0,13,27,6936.04,4,4,5,445,Champions
11334.0,44,18,3319.25,2,4,3,243,At Risk
11335.0,72,16,2197.2200000000003,2,3,2,232,At Risk
11336.0,32,58,10817.57,3,5,5,355,Loyal Customers
11337.0,38,27,6038.96,3,4,5,345,Loyal Customers
11338.0,6,24,7199.660000000001,5,4,5,545,Champions
11339.0,1,112,23250.8,5,5,5,555,Champions
11340.0,81,8,2117.71,1,2,2,122,Lost Customers
11341.0,79,7,967.25,1,2,1,121,Lost Customers
11342.0,30,18,5843.25,3,4,5,345,Loyal Customers
11343.0,30,23,4736.52,3,4,4,344,Loyal Customers
11344.0,81,10,1591.75,1,2,2,122,Lost Customers
11345.0,2,11,1674.96,5,2,2,522,Potential Loyalists
11346.0,18,85,14864.86,4,5,5,455,Champions
11347.0,18,12,2446.83,4,3,3,433,Potential Loyalists
11348.0,47,10,2791.98,2,2,3,223,Potential Loyalists
11349.0,11,44,7266.3099999999995,4,5,5,455,Champions
11350.0,25,13,1975.12,3,3,2,332,Potential Loyalists
11351.0,10,12,2517.79,4,3,3,433,Potential Loyalists
11352.0,1,21,3508.47,5,4,4,544,Champions
11353.0,56,6,1094.13,2,1,1,211,Lost Customers
11354.0,11,18,3172.5099999999998,4,4,3,443,Loyal Customers
11355.0,1,70,15325.94,5,5,5,555,Champions
11356.0,3,28,4814.39,5,5,4,554,Champions
11357.0,30,15,2099.58,3,3,2,332,Potential Loyalists
11358.0,7,15,3062.05,5,3,3,533,Potential Loyalists
11359.0,127,9,1544.28,1,2,2,122,Lost Customers
11360.0,55,11,2288.14,2,2,3,223,Potential Loyalists
11361.0,87,13,3467.02,1,3,4,134,At Risk
11362.0,19,30,5978.7300000000005,4,5,5,455,Champions
11363.0,182,2,833.1700000000001,1,1,1,111,Lost Customers
11364.0,76,27,5039.88,2,4,4,244,At Risk
11365.0,47,11,1818.86,2,2,2,222,Lost Customers
11366.0,10,23,5136.400000000001,4,4,4,444,Champions
11367.0,42,4,1222.87,2,1,1,211,Lost Customers
11368.0,2,49,9034.41,5,5,5,555,Champions
11369.0,5,44,7266.69,5,5,5,555,Champions
11370.0,6,28,4475.21,5,5,4,554,Champions
11371.0,60,4,694.58,2,1,1,211,Lost Customers
11372.0,1,35,5984.44,5,5,5,555,Champions
11373.0,63,18,2665.01,2,4,3,243,At Risk
11374.0,2,3,347.0,5,1,1,511,Potential Loyalists
11375.0,4,12,2699.95,5,3,3,533,Potential Loyalists
11376.0,6,25,3197.73,5,4,3,543,Loyal Customers
11377.0,20,21,3808.26,3,4,4,344,Loyal Customers
11378.0,23,16,4700.7,3,3,4,334,Potential Loyalists
11379.0,30,24,3701.7999999999997,3,4,4,344,Loyal Customers
11380.0,2,67,11504.71,5,5,5,555,Champions
11381.0,15,37,8228.130000000001,4,5,5,455,Champions
11382.0,14,4,1089.65,4,1,1,411,Potential Loyalists
11383.0,144,9,1252.71,1,2,1,121,Lost Customers
11384.0,41,15,2179.1,2,3,2,232,At Risk
11385.0,120,2,136.11,1,1,1,111,Lost Customers
11386.0,8,13,3087.16,4,3,3,433,Potential Loyalists
11387.0,6,55,11968.08,5,5,5,555,Champions
11388.0,6,9,2071.59,5,2,2,522,Potential Loyalists
11389.0,57,22,5388.97,2,4,4,244,At Risk
11390.0,134,6,1326.11,1,1,2,112,Lost Customers
11391.0,446,3,905.14,1,1,1,111,Lost Customers
11392.0,4,55,10579.18,5,5,5,555,Champions
11393.0,110,10,1909.83,1,2,2,122,Lost Customers
11394.0,1,23,6214.55,5,4,5,545,Champions
11395.0,175,5,2012.54,1,1,2,112,Lost Customers
11396.0,12,70,12535.52,4,5,5,455,Champions
11397.0,30,26,5800.78,3,4,5,345,Loyal Customers
11398.0,33,12,2128.09,3,3,2,332,Potential Loyalists
11399.0,4,27,4424.69,5,4,4,544,Champions
11400.0,135,7,835.37,1,2,1,121,Lost Customers
11401.0,25,32,7173.7,3,5,5,355,Loyal Customers
11402.0,3,13,3184.23,5,3,3,533,Potential Loyalists
11403.0,95,12,2256.54,1,3,2,132,At Risk
11404.0,159,8,1927.8600000000001,1,2,2,122,Lost Customers
11405.0,11,12,2995.3,4,3,3,433,Potential Loyalists
11406.0,21,27,6621.78,3,4,5,345,Loyal Customers
11407.0,17,17,2869.18,4,3,3,433,Potential Loyalists
11408.0,1,27,5489.26,5,4,4,544,Champions
11409.0,1,22,4000.04,5,4,4,544,Champions
11410.0,1,20,3870.02,5,4,4,544,Champions
11411.0,188,4,353.06,1,1,1,111,Lost Customers
11412.0,19,90,19936.12,4,5,5,455,Champions
11413.0,39,8,1688.54,2,2,2,222,Lost Customers
11414.0,11,42,7758.63,4,5,5,455,Champions
11415.0,1,46,8674.09,5,5,5,555,Champions
11416.0,12,8,1445.59,4,2,2,422,Potential Loyalists
11417.0,9,59,14534.98,4,5,5,455,Champions
11418.0,5,35,6636.73,5,5,5,555,Champions
11419.0,53,27,4841.66,2,4,4,244,At Risk
11420.0,6,16,2527.32,5,3,3,533,Potential Loyalists
11421.0,68,7,1819.08,2,2,2,222,Lost Customers
11422.0,115,11,1763.31,1,2,2,122,Lost Customers
11423.0,51,22,4812.8,2,4,4,244,At Risk
11424.0,46,38,8495.960000000001,2,5,5,255,At Risk
11425.0,72,10,1627.93,2,2,2,222,Lost Customers
11426.0,39,8,1966.59,2,2,2,222,Lost Customers
11427.0,8,42,6228.5,4,5,5,455,Champions
11428.0,7,41,8621.56,5,5,5,555,Champions
11429.0,10,17,3567.0,4,3,4,434,Big Spenders
11430.0,48,25,3915.67,2,4,4,244,At Risk
11431.0,24,15,2906.5299999999997,3,3,3,333,Potential Loyalists
11432.0,13,4,316.62,4,1,1,411,Potential Loyalists
11433.0,55,4,582.23,2,1,1,211,Lost Customers
11434.0,358,1,183.99,1,1,1,111,Lost Customers
11435.0,39,18,2951.9,2,4,3,243,At Risk
11436.0,121,13,2366.9300000000003,1,3,3,133,At Risk
11437.0,341,5,903.34,1,1,1,111,Lost Customers
11439.0,107,5,423.52,1,1,1,111,Lost Customers
11440.0,31,25,4553.6,3,4,4,344,Loyal Customers
11441.0,36,8,1636.84,3,2,2,322,Potential Loyalists
11442.0,4,19,4158.01,5,4,4,544,Champions
11443.0,416,5,632.78,1,1,1,111,Lost Customers
11444.0,1,43,9184.44,5,5,5,555,Champions
11445.0,96,10,1958.3899999999999,1,2,2,122,Lost Customers
11446.0,2,11,2622.41,5,2,3,523,Potential Loyalists
11447.0,6,104,21407.43,5,5,5,555,Champions
11448.0,6,58,10639.16,5,5,5,555,Champions
11449.0,24,13,2030.65,3,3,2,332,Potential Loyalists
11450.0,85,9,2425.88,1,2,3,123,Potential Loyalists
11451.0,16,11,2076.82,4,2,2,422,Potential Loyalists
11452.0,2,24,6328.21,5,4,5,545,Champions
11453.0,32,9,1654.21,3,2,2,322,Potential Loyalists
11454.0,9,13,4025.67,4,3,4,434,Big Spenders
11455.0,1,50,10194.01,5,5,5,555,Champions
11456.0,6,15,2436.61,5,3,3,533,Potential Loyalists
11457.0,15,95,19684.52,4,5,5,455,Champions
11458.0,27,20,4104.38,3,4,4,344,Loyal Customers
11459.0,5,70,13809.59,5,5,5,555,Champions
11460.0,33,13,3003.95,3,3,3,333,Potential Loyalists
11461.0,6,20,5353.2,5,4,4,544,Champions
11462.0,168,6,597.89,1,1,1,111,Lost Customers
11463.0,79,9,1130.8,1,2,1,121,Lost Customers
11464.0,1,22,4800.38,5,4,4,544,Champions
11465.0,6,37,7706.7699999999995,5,5,5,555,Champions
11466.0,66,12,2316.91,2,3,3,233,At Risk
11467.0,162,4,1400.3899999999999,1,1,2,112,Lost Customers
11468.0,280,2,225.44,1,1,1,111,Lost Customers
11469.0,9,6,1455.58,4,1,2,412,Potential Loyalists
11470.0,27,4,651.34,3,1,1,311,Potential Loyalists
11471.0,15,17,3816.15,4,3,4,434,Big Spenders
11472.0,9,40,6075.33,4,5,5,455,Champions
11473.0,47,14,2495.26,2,3,3,233,At Risk
11474.0,333,6,1836.65,1,1,2,112,Lost Customers
11475.0,29,19,3401.29,3,4,3,343,Loyal Customers
11476.0,78,10,2075.84,1,2,2,122,Lost Customers
11477.0,28,73,15597.44,3,5,5,355,Loyal Customers
11478.0,229,3,634.56,1,1,1,111,Lost Customers
11479.0,2,8,1510.79,5,2,2,522,Potential Loyalists
11480.0,9,53,11005.07,4,5,5,455,Champions
11481.0,39,15,4247.66,2,3,4,234,At Risk
11482.0,33,22,4969.03,3,4,4,344,Loyal Customers
11483.0,2,23,4571.96,5,4,4,544,Champions
11484.0,130,14,2412.63,1,3,3,133,At Risk
11485.0,97,18,3433.94,1,4,4,144,At Risk
11486.0,157,3,1568.15,1,1,2,112,Lost Customers
11487.0,4,31,6187.23,5,5,5,555,Champions
11488.0,1,5,1922.06,5,1,2,512,Potential Loyalists
11489.0,13,17,3536.8,4,3,4,434,Big Spenders
11490.0,59,15,3156.33,2,3,3,233,At Risk
11491.0,55,8,1203.26,2,2,1,221,Lost Customers
11492.0,60,13,2353.81,2,3,3,233,At Risk
11493.0,42,10,1887.75,2,2,2,222,Lost Customers
11494.0,71,4,447.71000000000004,2,1,1,211,Lost Customers
11495.0,87,8,1703.75,1,2,2,122,Lost Customers
11496.0,14,9,1632.9299999999998,4,2,2,422,Potential Loyalists
11497.0,28,14,2607.56,3,3,3,333,Potential Loyalists
11498.0,26,7,1104.9099999999999,3,2,1,321,Potential Loyalists
11499.0,11,27,5254.89,4,4,4,444,Champions
11500.0,18,5,1034.78,4,1,1,411,Potential Loyalists
11501.0,12,20,3897.5,4,4,4,444,Champions
11502.0,71,6,800.09,2,1,1,211,Lost Customers
11503.0,30,49,9023.47,3,5,5,355,Loyal Customers
11504.0,109,13,2187.95,1,3,2,132,At Risk
11505.0,5,14,4044.9700000000003,5,3,4,534,Big Spenders
11506.0,26,23,3515.62,3,4,4,344,Loyal Customers
11507.0,80,4,1260.63,1,1,1,111,Lost Customers
11508.0,6,8,1162.49,5,2,1,521,Potential Loyalists
11509.0,5,66,11401.17,5,5,5,555,Champions
11510.0,3,15,2859.06,5,3,3,533,Potential Loyalists
11511.0,32,16,3270.21,3,3,3,333,Potential Loyalists
11512.0,1,26,7147.61,5,4,5,545,Champions
11513.0,12,35,6709.82,4,5,5,455,Champions
11514.0,321,2,799.6500000000001,1,1,1,111,Lost Customers
11515.0,94,3,690.9100000000001,1,1,1,111,Lost Customers
11516.0,2,21,3943.88,5,4,4,544,Champions
11517.0,9,8,1896.16,4,2,2,422,Potential Loyalists
11518.0,2,34,6035.59,5,5,5,555,Champions
11519.0,59,10,2672.6,2,2,3,223,Potential Loyalists
11520.0,30,3,75.91,3,1,1,311,Potential Loyalists
11521.0,231,3,265.53999999999996,1,1,1,111,Lost Customers
11522.0,83,2,643.1,1,1,1,111,Lost Customers
11523.0,31,20,2874.55,3,4,3,343,Loyal Customers
11524.0,45,9,1511.5,2,2,2,222,Lost Customers
11525.0,46,13,2684.37,2,3,3,233,At Risk
11526.0,1,44,9376.43,5,5,5,555,Champions
11527.0,2,47,10862.65,5,5,5,555,Champions
11528.0,36,11,2072.6,3,2,2,322,Potential Loyalists
11529.0,21,7,991.72,3,2,1,321,Potential Loyalists
11530.0,37,23,4747.96,3,4,4,344,Loyal Customers
11531.0,1,26,7296.610000000001,5,4,5,545,Champions
11532.0,29,10,1937.06,3,2,2,322,Potential Loyalists
11533.0,14,27,4660.39,4,4,4,444,Champions
11534.0,14,9,2565.81,4,2,3,423,Potential Loyalists
11535.0,3,65,13007.44,5,5,5,555,Champions
11536.0,3,9,1613.89,5,2,2,522,Potential Loyalists
11537.0,35,18,3707.22,3,4,4,344,Loyal Customers
11538.0,195,2,434.58000000000004,1,1,1,111,Lost Customers
11539.0,25,13,2936.45,3,3,3,333,Potential Loyalists
11540.0,2,53,8322.16,5,5,5,555,Champions
11541.0,20,18,3409.26,3,4,3,343,Loyal Customers
11542.0,1,32,6294.849999999999,5,5,5,555,Champions
11543.0,23,27,5527.78,3,4,4,344,Loyal Customers
11544.0,43,11,2670.91,2,2,3,223,Potential Loyalists
11545.0,1,39,8290.11,5,5,5,555,Champions
11546.0,6,13,2581.63,5,3,3,533,Potential Loyalists
11547.0,226,3,847.47,1,1,1,111,Lost Customers
11548.0,62,8,1094.96,2,2,1,221,Lost Customers
11549.0,6,27,5773.96,5,4,5,545,Champions
11550.0,26,16,4059.13,3,3,4,334,Potential Loyalists
11551.0,182,4,1641.78,1,1,2,112,Lost Customers
11552.0,164,6,430.25,1,1,1,111,Lost Customers
11553.0,8,8,2412.2799999999997,4,2,3,423,Potential Loyalists
11554.0,2,13,1743.4900000000002,5,3,2,532,Potential Loyalists
11555.0,109,10,1973.47,1,2,2,122,Lost Customers
11556.0,45,7,1753.16,2,2,2,222,Lost Customers
11557.0,68,14,1825.42,2,3,2,232,At Risk
11558.0,3,36,6469.6,5,5,5,555,Champions
11559.0,4,37,8145.320000000001,5,5,5,555,Champions
11560.0,102,10,2371.88,1,2,3,123,Potential Loyalists
11561.0,2,17,3560.5099999999998,5,3,4,534,Big Spenders
11562.0,49,14,2392.12,2,3,3,233,At Risk
11563.0,33,6,877.79,3,1,1,311,Potential Loyalists
11564.0,6,9,2362.58,5,2,3,523,Potential Loyalists
11565.0,57,6,1104.58,2,1,1,211,Lost Customers
11566.0,65,7,1595.07,2,2,2,222,Lost Customers
11567.0,218,2,353.82,1,1,1,111,Lost Customers
11568.0,38,10,1729.89,3,2,2,322,Potential Loyalists
11569.0,12,39,8112.13,4,5,5,455,Champions
11570.0,21,6,924.62,3,1,1,311,Potential Loyalists
11571.0,29,13,2791.66,3,3,3,333,Potential Loyalists
11572.0,77,19,3224.89,2,4,3,243,At Risk
11573.0,34,18,2393.73,3,4,3,343,Loyal Customers
11574.0,8,10,1384.23,4,2,2,422,Potential Loyalists
11575.0,22,7,1174.9699999999998,3,2,1,321,Potential Loyalists
11576.0,53,6,1075.68,2,1,1,211,Lost Customers
11577.0,7,19,4154.36,5,4,4,544,Champions
11578.0,47,41,7459.05,2,5,5,255,At Risk
11579.0,197,4,566.81,1,1,1,111,Lost Customers
11580.0,19,17,3978.72,4,3,4,434,Big Spenders
11581.0,7,45,6784.62,5,5,5,555,Champions
11582.0,47,7,715.29,2,2,1,221,Lost Customers
11583.0,20,24,7021.28,3,4,5,345,Loyal Customers
11584.0,44,9,1291.45,2,2,1,221,Lost Customers
11585.0,75,14,2480.53,2,3,3,233,At Risk
11586.0,147,3,375.58,1,1,1,111,Lost Customers
11587.0,422,2,232.24,1,1,1,111,Lost Customers
11588.0,5,30,5599.71,5,5,5,555,Champions
11589.0,4,8,2381.3199999999997,5,2,3,523,Potential Loyalists
11590.0,4,14,1879.93,5,3,2,532,Potential Loyalists
11591.0,145,4,1045.96,1,1,1,111,Lost Customers
11592.0,107,6,1322.91,1,1,2,112,Lost Customers
11593.0,45,11,1520.02,2,2,2,222,Lost Customers
11594.0,3,7,1851.69,5,2,2,522,Potential Loyalists
11595.0,17,30,7099.51,4,5,5,455,Champions
11596.0,3,20,3576.11,5,4,4,544,Champions
11597.0,97,15,4193.57,1,3,4,134,At Risk
11598.0,9,24,4557.71,4,4,4,444,Champions
11599.0,25,62,11196.98,3,5,5,355,Loyal Customers
11600.0,63,8,1978.22,2,2,2,222,Lost Customers
11601.0,59,9,2194.41,2,2,2,222,Lost Customers
11602.0,68,35,8289.51,2,5,5,255,At Risk
11603.0,38,39,8162.75,3,5,5,355,Loyal Customers
11604.0,41,5,1112.72,2,1,1,211,Lost Customers
11605.0,16,12,2871.02,4,3,3,433,Potential Loyalists
11606.0,62,47,11029.69,2,5,5,255,At Risk
11607.0,24,32,5901.08,3,5,5,355,Loyal Customers
11608.0,3,25,5345.22,5,4,4,544,Champions
11609.0,99,14,3104.4700000000003,1,3,3,133,At Risk
11610.0,104,12,1812.8200000000002,1,3,2,132,At Risk
11611.0,34,15,3272.99,3,3,3,333,Potential Loyalists
11612.0,155,14,2611.1,1,3,3,133,At Risk
11613.0,55,18,2493.39,2,4,3,243,At Risk
11614.0,78,21,3426.92,1,4,4,144,At Risk
11615.0,13,9,1693.25,4,2,2,422,Potential Loyalists
11616.0,77,20,2777.9700000000003,2,4,3,243,At Risk
11617.0,2,150,24463.25,5,5,5,555,Champions
11618.0,12,5,1290.4499999999998,4,1,1,411,Potential Loyalists
11619.0,12,15,3682.81,4,3,4,434,Big Spenders
11620.0,205,3,755.43,1,1,1,111,Lost Customers
11621.0,13,23,4202.38,4,4,4,444,Champions
11622.0,128,13,2181.52,1,3,2,132,At Risk
11623.0,11,25,4479.05,4,4,4,444,Champions
11624.0,50,34,5492.57,2,5,4,254,At Risk
11625.0,4,14,2312.1,5,3,3,533,Potential Loyalists
11626.0,9,47,7905.88,4,5,5,455,Champions
11627.0,23,2,340.84,3,1,1,311,Potential Loyalists
11628.0,2,58,14946.72,5,5,5,555,Champions
11629.0,24,22,4545.7,3,4,4,344,Loyal Customers
11630.0,22,29,7066.66,3,5,5,355,Loyal Customers
11631.0,28,6,1743.1,3,1,2,312,Potential Loyalists
11632.0,31,6,1839.6499999999999,3,1,2,312,Potential Loyalists
11633.0,21,18,4074.79,3,4,4,344,Loyal Customers
11634.0,6,12,3382.28,5,3,3,533,Potential Loyalists
11635.0,2,15,2436.52,5,3,3,533,Potential Loyalists
11636.0,6,35,8025.89,5,5,5,555,Champions
11637.0,88,7,1297.24,1,2,1,121,Lost Customers
11638.0,16,39,7895.87,4,5,5,455,Champions
11639.0,82,9,1621.22,1,2,2,122,Lost Customers
11640.0,90,16,2967.91,1,3,3,133,At Risk
11641.0,100,2,299.84000000000003,1,1,1,111,Lost Customers
11642.0,4,16,1549.3899999999999,5,3,2,532,Potential Loyalists
11643.0,583,1,350.18,1,1,1,111,Lost Customers
11644.0,61,35,7465.83,2,5,5,255,At Risk
11645.0,176,4,829.76,1,1,1,111,Lost Customers
11646.0,66,11,1868.47,2,2,2,222,Lost Customers
11647.0,37,14,2623.67,3,3,3,333,Potential Loyalists
11648.0,43,35,6490.1,2,5,5,255,At Risk
11649.0,27,16,3895.0099999999998,3,3,4,334,Potential Loyalists
11650.0,112,10,3007.07,1,2,3,123,Potential Loyalists
11651.0,31,8,2015.46,3,2,2,322,Potential Loyalists
11652.0,12,37,7554.31,4,5,5,455,Champions
11653.0,47,20,3963.65,2,4,4,244,At Risk
11654.0,132,6,1276.01,1,1,1,111,Lost Customers
11655.0,1,12,2975.84,5,3,3,533,Potential Loyalists
11656.0,173,2,96.78999999999999,1,1,1,111,Lost Customers
11657.0,23,23,3988.06,3,4,4,344,Loyal Customers
11658.0,46,4,681.14,2,1,1,211,Lost Customers
11659.0,15,18,3854.19,4,4,4,444,Champions
11660.0,21,18,4114.51,3,4,4,344,Loyal Customers
11661.0,7,90,19139.56,5,5,5,555,Champions
11662.0,32,5,1061.87,3,1,1,311,Potential Loyalists
11663.0,2,15,2800.64,5,3,3,533,Potential Loyalists
11664.0,2,68,13298.27,5,5,5,555,Champions
11665.0,8,51,9041.11,4,5,5,455,Champions
11666.0,74,9,1550.62,2,2,2,222,Lost Customers
11667.0,58,12,2042.35,2,3,2,232,At Risk
11668.0,41,10,1532.48,2,2,2,222,Lost Customers
11669.0,13,16,4499.84,4,3,4,434,Big Spenders
11670.0,7,4,1444.3,5,1,2,512,Potential Loyalists
11671.0,43,12,3040.27,2,3,3,233,At Risk
11672.0,39,10,1887.16,2,2,2,222,Lost Customers
11673.0,51,14,2319.84,2,3,3,233,At Risk
11674.0,19,19,2569.48,4,4,3,443,Loyal Customers
11675.0,135,12,2492.7400000000002,1,3,3,133,At Risk
11676.0,18,5,1285.45,4,1,1,411,Potential Loyalists
11677.0,42,31,5714.58,2,5,5,255,At Risk
11678.0,12,21,3860.87,4,4,4,444,Champions
11679.0,339,9,1614.94,1,2,2,122,Lost Customers
11680.0,61,11,2193.39,2,2,2,222,Lost Customers
11681.0,108,5,1223.08,1,1,1,111,Lost Customers
11682.0,65,7,1941.25,2,2,2,222,Lost Customers
11683.0,2,8,3720.03,5,2,4,524,Big Spenders
11684.0,8,43,8858.92,4,5,5,455,Champions
11685.0,31,8,1923.8,3,2,2,322,Potential Loyalists
11686.0,8,26,6343.04,4,4,5,445,Champions
11687.0,47,9,2674.57,2,2,3,223,Potential Loyalists
11688.0,34,16,3032.02,3,3,3,333,Potential Loyalists
11689.0,16,12,1310.37,4,3,2,432,Potential Loyalists
11690.0,8,29,5745.31,4,5,5,455,Champions
11691.0,40,7,1770.6399999999999,2,2,2,222,Lost Customers
11692.0,121,3,510.65,1,1,1,111,Lost Customers
11693.0,8,4,579.26,4,1,1,411,Potential Loyalists
11694.0,161,8,1986.8300000000002,1,2,2,122,Lost Customers
11695.0,2,8,2182.16,5,2,2,522,Potential Loyalists
11696.0,37,17,3139.95,3,3,3,333,Potential Loyalists
11697.0,3,15,2422.94,5,3,3,533,Potential Loyalists
11698.0,6,111,23043.9,5,5,5,555,Champions
11699.0,420,2,675.23,1,1,1,111,Lost Customers
11700.0,59,21,5025.26,2,4,4,244,At Risk
11701.0,183,4,1200.97,1,1,1,111,Lost Customers
11702.0,62,13,2973.06,2,3,3,233,At Risk
11703.0,32,14,1940.59,3,3,2,332,Potential Loyalists
11704.0,146,3,701.3,1,1,1,111,Lost Customers
11705.0,52,20,4339.82,2,4,4,244,At Risk
11706.0,10,75,20198.09,4,5,5,455,Champions
11707.0,80,11,2187.6,1,2,2,122,Lost Customers
11708.0,105,13,2392.23,1,3,3,133,At Risk
11709.0,2,32,5038.21,5,5,4,554,Champions
11710.0,148,13,4149.6,1,3,4,134,At Risk
11711.0,89,8,1362.74,1,2,2,122,Lost Customers
11712.0,565,1,68.34,1,1,1,111,Lost Customers
11713.0,25,21,2625.83,3,4,3,343,Loyal Customers
11714.0,84,15,2578.98,1,3,3,133,At Risk
11715.0,126,6,1167.33,1,1,1,111,Lost Customers
11716.0,10,13,2236.93,4,3,2,432,Potential Loyalists
11717.0,174,3,772.56,1,1,1,111,Lost Customers
11718.0,294,4,938.41,1,1,1,111,Lost Customers
11719.0,34,15,2625.46,3,3,3,333,Potential Loyalists
11720.0,39,6,1119.67,2,1,1,211,Lost Customers
11721.0,6,46,8517.32,5,5,5,555,Champions
11722.0,5,2,101.81,5,1,1,511,Potential Loyalists
11723.0,302,3,975.01,1,1,1,111,Lost Customers
11724.0,8,61,13140.27,4,5,5,455,Champions
11725.0,27,28,5491.32,3,5,4,354,Loyal Customers
11726.0,8,15,2842.4,4,3,3,433,Potential Loyalists
11727.0,20,10,2124.11,3,2,2,322,Potential Loyalists
11728.0,18,5,586.23,4,1,1,411,Potential Loyalists
11729.0,7,14,3045.25,5,3,3,533,Potential Loyalists
11730.0,19,17,3921.7,4,3,4,434,Big Spenders
11731.0,14,17,2724.09,4,3,3,433,Potential Loyalists
11732.0,43,10,2561.64,2,2,3,223,Potential Loyalists
11733.0,33,11,2188.5,3,2,2,322,Potential Loyalists
11734.0,1,9,1538.34,5,2,2,522,Potential Loyalists
11735.0,47,10,2139.9,2,2,2,222,Lost Customers
11736.0,3,40,7397.91,5,5,5,555,Champions
11737.0,72,3,882.65,2,1,1,211,Lost Customers
11738.0,27,14,2325.77,3,3,3,333,Potential Loyalists
11739.0,22,8,1257.98,3,2,1,321,Potential Loyalists
11740.0,109,9,1254.6299999999999,1,2,1,121,Lost Customers
11741.0,139,2,637.24,1,1,1,111,Lost Customers
11742.0,10,53,11228.99,4,5,5,455,Champions
11743.0,26,19,2799.7000000000003,3,4,3,343,Loyal Customers
11744.0,82,3,732.3600000000001,1,1,1,111,Lost Customers
11745.0,23,27,5153.96,3,4,4,344,Loyal Customers
11746.0,309,6,826.4,1,1,1,111,Lost Customers
11747.0,69,7,1254.7,2,2,1,221,Lost Customers
11748.0,2,23,3858.22,5,4,4,544,Champions
11749.0,125,9,2001.3700000000001,1,2,2,122,Lost Customers
11750.0,6,33,5354.58,5,5,4,554,Champions
11751.0,1,6,1232.49,5,1,1,511,Potential Loyalists
11752.0,15,11,3455.3500000000004,4,2,4,424,Big Spenders
11753.0,8,9,1523.45,4,2,2,422,Potential Loyalists
11754.0,122,7,1385.33,1,2,2,122,Lost Customers
11755.0,3,31,5800.32,5,5,5,555,Champions
11756.0,24,24,4661.34,3,4,4,344,Loyal Customers
11757.0,6,59,13301.86,5,5,5,555,Champions
11758.0,3,91,18437.77,5,5,5,555,Champions
11759.0,216,3,373.32000000000005,1,1,1,111,Lost Customers
11760.0,19,15,3401.06,4,3,3,433,Potential Loyalists
11761.0,39,8,1996.11,2,2,2,222,Lost Customers
11762.0,20,7,1441.48,3,2,2,322,Potential Loyalists
11763.0,27,10,1700.49,3,2,2,322,Potential Loyalists
11764.0,12,8,2887.06,4,2,3,423,Potential Loyalists
11765.0,57,6,1282.6000000000001,2,1,1,211,Lost Customers
11766.0,148,8,1376.93,1,2,2,122,Lost Customers
11767.0,92,6,1114.08,1,1,1,111,Lost Customers
11768.0,16,30,6643.49,4,5,5,455,Champions
11769.0,41,8,2409.98,2,2,3,223,Potential Loyalists
11770.0,2,130,27129.7,5,5,5,555,Champions
11771.0,24,14,2802.14,3,3,3,333,Potential Loyalists
11772.0,16,14,2331.58,4,3,3,433,Potential Loyalists
11773.0,3,7,1533.29,5,2,2,522,Potential Loyalists
11774.0,2,64,16437.21,5,5,5,555,Champions
11775.0,3,33,6663.23,5,5,5,555,Champions
11776.0,6,15,1821.58,5,3,2,532,Potential Loyalists
11777.0,41,6,1327.46,2,1,2,212,Lost Customers
11778.0,187,17,3693.62,1,3,4,134,At Risk
11779.0,64,7,1763.55,2,2,2,222,Lost Customers
11780.0,13,52,12324.28,4,5,5,455,Champions
11781.0,13,21,3525.21,4,4,4,444,Champions
11782.0,3,14,1336.97,5,3,2,532,Potential Loyalists
11784.0,189,5,1306.43,1,1,2,112,Lost Customers
11785.0,7,25,4507.79,5,4,4,544,Champions
11786.0,27,43,7421.84,3,5,5,355,Loyal Customers
11787.0,33,32,7074.51,3,5,5,355,Loyal Customers
11788.0,48,7,1059.78,2,2,1,221,Lost Customers
11789.0,6,23,3219.83,5,4,3,543,Loyal Customers
11790.0,29,33,7156.12,3,5,5,355,Loyal Customers
11791.0,97,5,562.8299999999999,1,1,1,111,Lost Customers
11792.0,123,14,2468.09,1,3,3,133,At Risk
11793.0,28,22,5218.83,3,4,4,344,Loyal Customers
11794.0,1,13,4305.91,5,3,4,534,Big Spenders
11795.0,157,4,873.88,1,1,1,111,Lost Customers
11796.0,37,15,3864.35,3,3,4,334,Potential Loyalists
11797.0,70,11,926.06,2,2,1,221,Lost Customers
11798.0,97,11,2051.64,1,2,2,122,Lost Customers
11799.0,124,10,1468.65,1,2,2,122,Lost Customers
11800.0,3,13,2679.86,5,3,3,533,Potential Loyalists
11801.0,28,13,2435.12,3,3,3,333,Potential Loyalists
11802.0,2,21,3900.62,5,4,4,544,Champions
11803.0,28,14,1819.29,3,3,2,332,Potential Loyalists
11804.0,91,10,2337.92,1,2,3,123,Potential Loyalists
11805.0,5,12,1401.32,5,3,2,532,Potential Loyalists
11806.0,76,2,1057.1,2,1,1,211,Lost Customers
11807.0,12,22,3703.89,4,4,4,444,Champions
11808.0,143,20,3612.3,1,4,4,144,At Risk
11809.0,134,17,2708.07,1,3,3,133,At Risk
11810.0,5,34,5587.77,5,5,5,555,Champions
11811.0,101,2,252.42000000000002,1,1,1,111,Lost Customers
11812.0,344,2,597.5,1,1,1,111,Lost Customers
11813.0,90,8,1762.06,1,2,2,122,Lost Customers
11814.0,21,11,2853.09,3,2,3,323,Potential Loyalists
11815.0,34,27,4933.42,3,4,4,344,Loyal Customers
11816.0,74,7,1443.55,2,2,2,222,Lost Customers
11817.0,13,17,2138.49,4,3,2,432,Potential Loyalists
11818.0,3,31,5707.93,5,5,5,555,Champions
11819.0,2,29,5806.97,5,5,5,555,Champions
11820.0,133,9,3507.14,1,2,4,124,Potential Loyalists
11821.0,418,4,726.77,1,1,1,111,Lost Customers
11822.0,100,19,2928.1,1,4,3,143,At Risk
11823.0,1,35,7246.14,5,5,5,555,Champions
11824.0,8,20,5718.33,4,4,5,445,Champions
11825.0,3,9,1071.79,5,2,1,521,Potential Loyalists
11826.0,24,25,4275.79,3,4,4,344,Loyal Customers
11827.0,16,35,7389.82,4,5,5,455,Champions
11828.0,49,39,6108.5599999999995,2,5,5,255,At Risk
11829.0,179,9,1910.48,1,2,2,122,Lost Customers
11830.0,53,11,1798.59,2,2,2,222,Lost Customers
11831.0,3,30,6002.58,5,5,5,555,Champions
11832.0,58,12,2360.72,2,3,3,233,At Risk
11833.0,109,4,418.99,1,1,1,111,Lost Customers
11834.0,3,25,5798.25,5,4,5,545,Champions
11835.0,15,20,3071.78,4,4,3,443,Loyal Customers
11836.0,94,15,3386.59,1,3,3,133,At Risk
11837.0,10,17,3770.98,4,3,4,434,Big Spenders
11838.0,122,11,1820.4,1,2,2,122,Lost Customers
11839.0,13,43,7189.8,4,5,5,455,Champions
11840.0,10,12,2002.0500000000002,4,3,2,432,Potential Loyalists
11841.0,24,14,1934.69,3,3,2,332,Potential Loyalists
11842.0,3,12,2515.64,5,3,3,533,Potential Loyalists
11843.0,12,24,4991.29,4,4,4,444,Champions
11844.0,26,5,418.28,3,1,1,311,Potential Loyalists
11845.0,24,7,1889.51,3,2,2,322,Potential Loyalists
11846.0,35,2,653.8399999999999,3,1,1,311,Potential Loyalists
11847.0,90,9,2815.2200000000003,1,2,3,123,Potential Loyalists
11848.0,101,5,784.4100000000001,1,1,1,111,Lost Customers
11849.0,153,10,1312.3899999999999,1,2,2,122,Lost Customers
11850.0,15,16,2873.95,4,3,3,433,Potential Loyalists
11851.0,25,15,3835.52,3,3,4,334,Potential Loyalists
11852.0,13,13,1859.54,4,3,2,432,Potential Loyalists
11853.0,141,6,747.75,1,1,1,111,Lost Customers
11854.0,39,25,4423.71,2,4,4,244,At Risk
11855.0,11,18,3336.69,4,4,3,443,Loyal Customers
11856.0,19,11,3234.6,4,2,3,423,Potential Loyalists
11857.0,27,11,1793.8,3,2,2,322,Potential Loyalists
11858.0,6,33,7679.76,5,5,5,555,Champions
11859.0,51,19,2674.86,2,4,3,243,At Risk
11860.0,164,2,98.64,1,1,1,111,Lost Customers
11861.0,24,28,4357.32,3,5,4,354,Loyal Customers
11862.0,223,3,736.34,1,1,1,111,Lost Customers
11863.0,8,51,10314.65,4,5,5,455,Champions
11864.0,5,28,6735.35,5,5,5,555,Champions
11865.0,49,21,4406.27,2,4,4,244,At Risk
11866.0,43,20,5640.87,2,4,5,245,At Risk
11867.0,14,15,2404.66,4,3,3,433,Potential Loyalists
11868.0,1,28,5139.6,5,5,4,554,Champions
11869.0,8,12,2579.9,4,3,3,433,Potential Loyalists
11870.0,19,16,3452.72,4,3,4,434,Big Spenders
11871.0,28,32,5550.31,3,5,4,354,Loyal Customers
11872.0,107,7,1674.42,1,2,2,122,Lost Customers
11873.0,18,15,3606.32,4,3,4,434,Big Spenders
11874.0,3,9,1620.5,5,2,2,522,Potential Loyalists
11875.0,10,10,2270.53,4,2,2,422,Potential Loyalists
11876.0,29,7,2032.18,3,2,2,322,Potential Loyalists
11877.0,29,21,4828.07,3,4,4,344,Loyal Customers
11878.0,34,53,11112.03,3,5,5,355,Loyal Customers
11879.0,3,39,7460.8099999999995,5,5,5,555,Champions
11880.0,17,3,639.8599999999999,4,1,1,411,Potential Loyalists
11881.0,29,25,4770.59,3,4,4,344,Loyal Customers
11882.0,6,44,9869.85,5,5,5,555,Champions
11883.0,96,9,2017.96,1,2,2,122,Lost Customers
11884.0,88,14,2968.5,1,3,3,133,At Risk
11886.0,19,15,4173.73,4,3,4,434,Big Spenders
11887.0,65,5,1282.45,2,1,1,211,Lost Customers
11888.0,4,18,3755.02,5,4,4,544,Champions
11889.0,6,8,1358.01,5,2,2,522,Potential Loyalists
11890.0,2,26,6072.78,5,4,5,545,Champions
11891.0,5,32,6358.16,5,5,5,555,Champions
11892.0,18,6,886.85,4,1,1,411,Potential Loyalists
11893.0,30,8,1894.77,3,2,2,322,Potential Loyalists
11894.0,42,5,1316.42,2,1,2,212,Lost Customers
11895.0,71,6,1618.4399999999998,2,1,2,212,Lost Customers
11896.0,31,13,1183.27,3,3,1,331,Potential Loyalists
11897.0,126,2,1045.34,1,1,1,111,Lost Customers
11898.0,19,22,5389.87,4,4,4,444,Champions
11899.0,16,8,1795.03,4,2,2,422,Potential Loyalists
11900.0,117,9,1414.6000000000001,1,2,2,122,Lost Customers
11901.0,22,5,1225.53,3,1,1,311,Potential Loyalists
11902.0,6,31,5429.99,5,5,4,554,Champions
11903.0,95,18,3034.64,1,4,3,143,At Risk
11904.0,15,12,2088.2,4,3,2,432,Potential Loyalists
11905.0,29,26,5998.67,3,4,5,345,Loyal Customers
11906.0,128,4,321.62,1,1,1,111,Lost Customers
11907.0,13,19,3104.7200000000003,4,4,3,443,Loyal Customers
11908.0,31,15,2937.76,3,3,3,333,Potential Loyalists
11909.0,20,10,2838.11,3,2,3,323,Potential Loyalists
11910.0,56,15,3606.79,2,3,4,234,At Risk
11911.0,30,9,1876.51,3,2,2,322,Potential Loyalists
11912.0,37,20,3699.04,3,4,4,344,Loyal Customers
11913.0,19,21,5055.92,4,4,4,444,Champions
11915.0,5,50,9772.39,5,5,5,555,Champions
11916.0,239,1,130.16,1,1,1,111,Lost Customers
11917.0,46,11,1403.65,2,2,2,222,Lost Customers
11918.0,4,40,9709.17,5,5,5,555,Champions
11919.0,29,9,2388.86,3,2,3,323,Potential Loyalists
11920.0,115,4,451.47999999999996,1,1,1,111,Lost Customers
11921.0,78,8,1168.77,1,2,1,121,Lost Customers
11922.0,4,41,9512.11,5,5,5,555,Champions
11923.0,152,4,359.5,1,1,1,111,Lost Customers
11924.0,6,37,7559.32,5,5,5,555,Champions
11925.0,9,16,4354.24,4,3,4,434,Big Spenders
11926.0,46,7,1489.3,2,2,2,222,Lost Customers
11927.0,23,5,1522.8899999999999,3,1,2,312,Potential Loyalists
11928.0,79,4,527.88,1,1,1,111,Lost Customers
11929.0,3,34,5599.31,5,5,5,555,Champions
11930.0,15,30,5887.47,4,5,5,455,Champions
11931.0,262,6,1023.72,1,1,1,111,Lost Customers
11932.0,4,12,2052.0099999999998,5,3,2,532,Potential Loyalists
11933.0,6,7,1535.12,5,2,2,522,Potential Loyalists
11934.0,15,44,10119.69,4,5,5,455,Champions
11935.0,101,4,809.01,1,1,1,111,Lost Customers
11936.0,9,50,9766.17,4,5,5,455,Champions
11937.0,49,16,2928.76,2,3,3,233,At Risk
11938.0,34,11,2622.35,3,2,3,323,Potential Loyalists
11939.0,124,10,1086.6399999999999,1,2,1,121,Lost Customers
11940.0,27,10,2475.55,3,2,3,323,Potential Loyalists
11941.0,63,3,431.23,2,1,1,211,Lost Customers
11942.0,8,21,3131.42,4,4,3,443,Loyal Customers
11943.0,130,4,1139.06,1,1,1,111,Lost Customers
11944.0,123,3,824.76,1,1,1,111,Lost Customers
11945.0,18,12,1579.45,4,3,2,432,Potential Loyalists
11946.0,176,4,700.56,1,1,1,111,Lost Customers
11947.0,90,4,808.53,1,1,1,111,Lost Customers
11948.0,39,7,1512.65,2,2,2,222,Lost Customers
11949.0,32,10,2018.37,3,2,2,322,Potential Loyalists
11950.0,4,72,13396.12,5,5,5,555,Champions
11951.0,3,18,3991.81,5,4,4,544,Champions
11952.0,4,26,4843.42,5,4,4,544,Champions
11953.0,386,2,350.04,1,1,1,111,Lost Customers
11954.0,38,8,1885.57,3,2,2,322,Potential Loyalists
11955.0,50,17,2408.45,2,3,3,233,At Risk
11956.0,137,6,1895.1599999999999,1,1,2,112,Lost Customers
11957.0,2,25,3867.04,5,4,4,544,Champions
11958.0,149,4,1466.9,1,1,2,112,Lost Customers
11959.0,5,7,1650.46,5,2,2,522,Potential Loyalists
11960.0,10,13,1954.73,4,3,2,432,Potential Loyalists
11961.0,48,13,3506.73,2,3,4,234,At Risk
11962.0,131,3,473.53999999999996,1,1,1,111,Lost Customers
11963.0,11,7,1898.97,4,2,2,422,Potential Loyalists
11964.0,76,9,2067.37,2,2,2,222,Lost Customers
11965.0,155,8,1518.48,1,2,2,122,Lost Customers
11966.0,8,14,3447.0699999999997,4,3,4,434,Big Spenders
11967.0,77,18,3379.77,2,4,3,243,At Risk
11968.0,3,21,4685.14,5,4,4,544,Champions
11969.0,21,15,2245.02,3,3,2,332,Potential Loyalists
11970.0,11,30,7749.94,4,5,5,455,Champions
11971.0,21,10,2455.0099999999998,3,2,3,323,Potential Loyalists
11972.0,5,14,3252.83,5,3,3,533,Potential Loyalists
11973.0,29,17,3981.37,3,3,4,334,Potential Loyalists
11974.0,8,56,12866.74,4,5,5,455,Champions
11975.0,258,2,288.06,1,1,1,111,Lost Customers
11976.0,5,25,6161.24,5,4,5,545,Champions
11977.0,137,4,876.5899999999999,1,1,1,111,Lost Customers
11978.0,7,23,5132.01,5,4,4,544,Champions
11979.0,4,48,10104.32,5,5,5,555,Champions
11980.0,10,27,4676.61,4,4,4,444,Champions
11981.0,63,13,2476.0499999999997,2,3,3,233,At Risk
11982.0,104,9,1550.52,1,2,2,122,Lost Customers
11983.0,1,11,2786.98,5,2,3,523,Potential Loyalists
11984.0,66,14,2877.52,2,3,3,233,At Risk
11985.0,2,14,1986.27,5,3,2,532,Potential Loyalists
11986.0,12,8,1881.48,4,2,2,422,Potential Loyalists
11987.0,16,22,4473.849999999999,4,4,4,444,Champions
11988.0,68,10,2748.62,2,2,3,223,Potential Loyalists
11989.0,109,6,1371.53,1,1,2,112,Lost Customers
11990.0,39,4,1368.76,2,1,2,212,Lost Customers
11991.0,69,18,2432.86,2,4,3,243,At Risk
11992.0,24,15,3090.4,3,3,3,333,Potential Loyalists
11993.0,16,12,2945.97,4,3,3,433,Potential Loyalists
11994.0,14,23,5014.28,4,4,4,444,Champions
11995.0,3,14,3094.93,5,3,3,533,Potential Loyalists
11996.0,31,18,2908.16,3,4,3,343,Loyal Customers
11997.0,35,18,2691.19,3,4,3,343,Loyal Customers
11998.0,6,10,1465.99,5,2,2,522,Potential Loyalists
11999.0,43,9,1506.2199999999998,2,2,2,222,Lost Customers
12000.0,5,76,15784.77,5,5,5,555,Champions
12001.0,5,13,1497.04,5,3,2,532,Potential Loyalists
12002.0,338,3,792.6899999999999,1,1,1,111,Lost Customers
12003.0,45,32,6724.59,2,5,5,255,At Risk
12004.0,5,13,4104.08,5,3,4,534,Big Spenders
12005.0,162,3,469.67999999999995,1,1,1,111,Lost Customers
12006.0,20,36,8528.9,3,5,5,355,Loyal Customers
12007.0,50,19,3061.06,2,4,3,243,At Risk
12008.0,6,6,1133.9,5,1,1,511,Potential Loyalists
12009.0,67,35,6972.59,2,5,5,255,At Risk
12010.0,15,32,4835.0199999999995,4,5,4,454,Champions
12011.0,121,6,851.21,1,1,1,111,Lost Customers
12012.0,7,49,9932.86,5,5,5,555,Champions
12013.0,61,31,6849.21,2,5,5,255,At Risk
12014.0,30,14,4107.19,3,3,4,334,Potential Loyalists
12015.0,10,49,11270.72,4,5,5,455,Champions
12016.0,77,19,3436.6,2,4,4,244,At Risk
12017.0,49,22,3825.93,2,4,4,244,At Risk
12018.0,151,7,1225.48,1,2,1,121,Lost Customers
12019.0,2,26,3856.09,5,4,4,544,Champions
12020.0,24,16,2536.69,3,3,3,333,Potential Loyalists
12021.0,24,11,3628.42,3,2,4,324,Potential Loyalists
12022.0,46,5,871.02,2,1,1,211,Lost Customers
12023.0,20,16,3134.65,3,3,3,333,Potential Loyalists
12024.0,83,15,2668.59,1,3,3,133,At Risk
12025.0,133,4,893.31,1,1,1,111,Lost Customers
12026.0,259,3,408.13,1,1,1,111,Lost Customers
12027.0,6,18,4769.55,5,4,4,544,Champions
12028.0,28,6,673.02,3,1,1,311,Potential Loyalists
12029.0,12,18,3196.93,4,4,3,443,Loyal Customers
12030.0,63,10,2055.66,2,2,2,222,Lost Customers
12031.0,15,46,8559.3,4,5,5,455,Champions
12032.0,123,13,2448.2,1,3,3,133,At Risk
12033.0,64,25,8346.32,2,4,5,245,At Risk
12034.0,23,7,1385.51,3,2,2,322,Potential Loyalists
12035.0,4,16,4119.72,5,3,4,534,Big Spenders
12036.0,1,37,7884.11,5,5,5,555,Champions
12037.0,59,6,1431.8,2,1,2,212,Lost Customers
12038.0,71,31,6569.9,2,5,5,255,At Risk
12039.0,15,5,1351.41,4,1,2,412,Potential Loyalists
12040.0,94,20,2786.71,1,4,3,143,At Risk
12041.0,3,28,3481.3199999999997,5,5,4,554,Champions
12042.0,29,25,4578.32,3,4,4,344,Loyal Customers
12043.0,2,81,17344.19,5,5,5,555,Champions
12044.0,73,12,2562.82,2,3,3,233,At Risk
12046.0,46,8,1528.04,2,2,2,222,Lost Customers
12047.0,28,19,2933.66,3,4,3,343,Loyal Customers
12048.0,16,19,3953.9,4,4,4,444,Champions
12049.0,35,16,2693.44,3,3,3,333,Potential Loyalists
12050.0,80,9,2252.34,1,2,2,122,Lost Customers
12051.0,13,33,8218.86,4,5,5,455,Champions
12052.0,119,2,454.35,1,1,1,111,Lost Customers
12053.0,30,35,6693.43,3,5,5,355,Loyal Customers
12054.0,3,132,25102.23,5,5,5,555,Champions
12055.0,11,23,4903.9,4,4,4,444,Champions
12056.0,34,28,4515.13,3,5,4,354,Loyal Customers
12057.0,13,12,1975.74,4,3,2,432,Potential Loyalists
12058.0,57,5,426.44,2,1,1,211,Lost Customers
12059.0,54,8,1146.17,2,2,1,221,Lost Customers
12060.0,13,7,1102.45,4,2,1,421,Potential Loyalists
12061.0,51,5,1272.45,2,1,1,211,Lost Customers
12062.0,1,54,10643.289999999999,5,5,5,555,Champions
12063.0,3,21,3959.96,5,4,4,544,Champions
12064.0,39,19,3391.11,2,4,3,243,At Risk
12065.0,110,13,2892.16,1,3,3,133,At Risk
12066.0,70,10,2297.92,2,2,3,223,Potential Loyalists
12067.0,11,23,4014.74,4,4,4,444,Champions
12068.0,77,11,1648.07,2,2,2,222,Lost Customers
12069.0,24,25,4133.06,3,4,4,344,Loyal Customers
12070.0,40,11,2006.04,2,2,2,222,Lost Customers
12071.0,41,4,2478.6,2,1,3,213,Potential Loyalists
12072.0,34,3,616.58,3,1,1,311,Potential Loyalists
12073.0,172,6,1369.8200000000002,1,1,2,112,Lost Customers
12074.0,4,15,2587.84,5,3,3,533,Potential Loyalists
12075.0,45,16,3564.21,2,3,4,234,At Risk
12076.0,43,4,704.56,2,1,1,211,Lost Customers
12077.0,5,16,2930.98,5,3,3,533,Potential Loyalists
12078.0,4,11,1837.01,5,2,2,522,Potential Loyalists
12079.0,47,4,685.87,2,1,1,211,Lost Customers
12080.0,326,2,409.86,1,1,1,111,Lost Customers
12081.0,28,21,5044.86,3,4,4,344,Loyal Customers
12082.0,21,22,3714.77,3,4,4,344,Loyal Customers
12083.0,98,7,758.85,1,2,1,121,Lost Customers
12084.0,3,24,4252.19,5,4,4,544,Champions
12085.0,15,39,6861.28,4,5,5,455,Champions
12086.0,20,24,4343.51,3,4,4,344,Loyal Customers
12087.0,17,8,1713.74,4,2,2,422,Potential Loyalists
12088.0,47,9,1967.55,2,2,2,222,Lost Customers
12089.0,51,9,2236.2200000000003,2,2,2,222,Lost Customers
12090.0,47,25,4959.49,2,4,4,244,At Risk
12091.0,2,17,4215.28,5,3,4,534,Big Spenders
12092.0,14,21,2861.71,4,4,3,443,Loyal Customers
12093.0,13,10,1966.0,4,2,2,422,Potential Loyalists
12094.0,3,35,5872.42,5,5,5,555,Champions
12095.0,102,4,695.27,1,1,1,111,Lost Customers
12096.0,17,15,3025.51,4,3,3,433,Potential Loyalists
12097.0,43,24,4963.25,2,4,4,244,At Risk
12098.0,13,9,968.96,4,2,1,421,Potential Loyalists
12099.0,98,2,171.95999999999998,1,1,1,111,Lost Customers
12100.0,10,40,8441.65,4,5,5,455,Champions
12101.0,62,17,4026.99,2,3,4,234,At Risk
12102.0,181,4,712.06,1,1,1,111,Lost Customers
12103.0,4,7,2636.85,5,2,3,523,Potential Loyalists
12104.0,11,27,7599.69,4,4,5,445,Champions
12105.0,75,11,1905.81,2,2,2,222,Lost Customers
12106.0,47,5,811.44,2,1,1,211,Lost Customers
12107.0,2,58,9558.54,5,5,5,555,Champions
12108.0,126,5,887.98,1,1,1,111,Lost Customers
12109.0,18,9,1056.92,4,2,1,421,Potential Loyalists
12110.0,1,14,3254.18,5,3,3,533,Potential Loyalists
12111.0,9,21,4002.05,4,4,4,444,Champions
12112.0,21,25,6033.48,3,4,5,345,Loyal Customers
12113.0,36,21,4129.62,3,4,4,344,Loyal Customers
12114.0,47,15,3400.01,2,3,3,233,At Risk
12115.0,20,25,5245.2,3,4,4,344,Loyal Customers
12116.0,11,13,1679.18,4,3,2,432,Potential Loyalists
12117.0,49,11,2364.63,2,2,3,223,Potential Loyalists
12118.0,29,18,4175.96,3,4,4,344,Loyal Customers
12119.0,28,22,3759.38,3,4,4,344,Loyal Customers
12120.0,9,28,5194.79,4,5,4,454,Champions
12121.0,8,15,3614.4900000000002,4,3,4,434,Big Spenders
12122.0,28,16,3857.88,3,3,4,334,Potential Loyalists
12123.0,38,9,1248.09,3,2,1,321,Potential Loyalists
12124.0,13,23,5226.76,4,4,4,444,Champions
12125.0,13,21,4039.73,4,4,4,444,Champions
12126.0,47,15,4812.45,2,3,4,234,At Risk
12127.0,33,85,16874.62,3,5,5,355,Loyal Customers
12128.0,63,7,699.95,2,2,1,221,Lost Customers
12129.0,8,23,4227.89,4,4,4,444,Champions
12130.0,52,36,5586.8,2,5,5,255,At Risk
12131.0,7,17,3323.2799999999997,5,3,3,533,Potential Loyalists
12132.0,1,82,14640.92,5,5,5,555,Champions
12133.0,9,8,1226.97,4,2,1,421,Potential Loyalists
12134.0,10,18,2944.02,4,4,3,443,Loyal Customers
12135.0,67,4,893.95,2,1,1,211,Lost Customers
12136.0,23,9,1383.33,3,2,2,322,Potential Loyalists
12137.0,22,16,3892.62,3,3,4,334,Potential Loyalists
12138.0,13,17,3057.29,4,3,3,433,Potential Loyalists
12139.0,21,19,4441.85,3,4,4,344,Loyal Customers
12140.0,4,29,7845.3,5,5,5,555,Champions
12141.0,39,22,4247.23,2,4,4,244,At Risk
12142.0,22,8,1612.1999999999998,3,2,2,322,Potential Loyalists
12143.0,3,128,27924.21,5,5,5,555,Champions
12144.0,20,19,3330.31,3,4,3,343,Loyal Customers
12145.0,12,7,998.14,4,2,1,421,Potential Loyalists
12146.0,232,9,1400.77,1,2,2,122,Lost Customers
12147.0,59,4,497.9,2,1,1,211,Lost Customers
12148.0,12,23,4852.99,4,4,4,444,Champions
12149.0,24,17,3303.73,3,3,3,333,Potential Loyalists
12150.0,20,15,3407.42,3,3,3,333,Potential Loyalists
12151.0,20,17,2458.67,3,3,3,333,Potential Loyalists
12152.0,3,26,5835.63,5,4,5,545,Champions
12153.0,119,10,2064.97,1,2,2,122,Lost Customers
12154.0,22,4,537.49,3,1,1,311,Potential Loyalists
12155.0,78,8,1065.07,1,2,1,121,Lost Customers
12156.0,20,14,1812.12,3,3,2,332,Potential Loyalists
12157.0,58,12,1789.32,2,3,2,232,At Risk
12158.0,50,11,2023.56,2,2,2,222,Lost Customers
12159.0,4,22,4215.54,5,4,4,544,Champions
12160.0,244,10,1100.3,1,2,1,121,Lost Customers
12161.0,34,5,928.08,3,1,1,311,Potential Loyalists
12162.0,42,12,1480.12,2,3,2,232,At Risk
12163.0,67,44,7909.01,2,5,5,255,At Risk
12164.0,21,18,3220.53,3,4,3,343,Loyal Customers
12165.0,36,19,2891.9,3,4,3,343,Loyal Customers
12166.0,1,44,10843.02,5,5,5,555,Champions
12167.0,5,160,32882.43,5,5,5,555,Champions
12168.0,89,5,1001.0500000000001,1,1,1,111,Lost Customers
12169.0,51,7,1513.84,2,2,2,222,Lost Customers
12170.0,70,7,772.02,2,2,1,221,Lost Customers
12171.0,32,8,1439.43,3,2,2,322,Potential Loyalists
12172.0,54,5,467.74,2,1,1,211,Lost Customers
12173.0,28,8,1405.22,3,2,2,322,Potential Loyalists
12174.0,176,7,1509.02,1,2,2,122,Lost Customers
12175.0,41,21,3273.5299999999997,2,4,3,243,At Risk
12176.0,16,17,3006.59,4,3,3,433,Potential Loyalists
12177.0,10,27,5225.95,4,4,4,444,Champions
12178.0,29,21,5451.42,3,4,4,344,Loyal Customers
12179.0,40,24,5705.25,2,4,5,245,At Risk
12180.0,11,7,1802.38,4,2,2,422,Potential Loyalists
12181.0,2,78,18632.69,5,5,5,555,Champions
12182.0,14,20,3143.92,4,4,3,443,Loyal Customers
12183.0,32,6,1496.83,3,1,2,312,Potential Loyalists
12184.0,26,9,1875.96,3,2,2,322,Potential Loyalists
12185.0,172,5,973.6800000000001,1,1,1,111,Lost Customers
12186.0,110,11,2013.92,1,2,2,122,Lost Customers
12187.0,7,15,2527.06,5,3,3,533,Potential Loyalists
12188.0,34,9,2811.77,3,2,3,323,Potential Loyalists
12189.0,7,60,11668.59,5,5,5,555,Champions
12190.0,20,20,4264.85,3,4,4,344,Loyal Customers
12191.0,28,28,5238.95,3,5,4,354,Loyal Customers
12192.0,9,7,1966.35,4,2,2,422,Potential Loyalists
12193.0,69,5,1463.73,2,1,2,212,Lost Customers
12194.0,39,25,2863.9900000000002,2,4,3,243,At Risk
12195.0,1,20,2936.48,5,4,3,543,Loyal Customers
12196.0,72,4,496.67,2,1,1,211,Lost Customers
12197.0,30,18,3597.11,3,4,4,344,Loyal Customers
12198.0,83,21,4053.9500000000003,1,4,4,144,At Risk
12199.0,15,12,2349.23,4,3,3,433,Potential Loyalists
12200.0,42,10,2148.68,2,2,2,222,Lost Customers
12201.0,74,11,1804.81,2,2,2,222,Lost Customers
12202.0,83,18,2296.21,1,4,3,143,At Risk
12203.0,51,12,1856.04,2,3,2,232,At Risk
12204.0,31,29,4797.84,3,5,4,354,Loyal Customers
12205.0,47,33,7299.13,2,5,5,255,At Risk
12206.0,19,8,1738.01,4,2,2,422,Potential Loyalists
12207.0,4,6,912.6999999999999,5,1,1,511,Potential Loyalists
12208.0,1,32,7422.5199999999995,5,5,5,555,Champions
12209.0,13,37,5364.07,4,5,4,454,Champions
12210.0,20,15,2853.9300000000003,3,3,3,333,Potential Loyalists
12211.0,66,19,4007.04,2,4,4,244,At Risk
12212.0,46,31,5728.04,2,5,5,255,At Risk
12213.0,58,31,7113.01,2,5,5,255,At Risk
12214.0,19,52,9943.0,4,5,5,455,Champions
12215.0,106,2,648.44,1,1,1,111,Lost Customers
12216.0,12,14,2237.54,4,3,2,432,Potential Loyalists
12217.0,146,9,2110.27,1,2,2,122,Lost Customers
12218.0,23,14,2687.83,3,3,3,333,Potential Loyalists
12219.0,40,6,765.48,2,1,1,211,Lost Customers
12220.0,6,8,1861.89,5,2,2,522,Potential Loyalists
12221.0,6,18,3448.55,5,4,4,544,Champions
12222.0,49,7,1482.44,2,2,2,222,Lost Customers
12223.0,2,16,1981.24,5,3,2,532,Potential Loyalists
12224.0,102,8,1512.1100000000001,1,2,2,122,Lost Customers
12225.0,291,3,1000.4300000000001,1,1,1,111,Lost Customers
12226.0,10,22,4673.6,4,4,4,444,Champions
12227.0,87,8,1599.23,1,2,2,122,Lost Customers
12228.0,69,21,5293.77,2,4,4,244,At Risk
12229.0,15,85,16995.02,4,5,5,455,Champions
12230.0,34,18,3117.61,3,4,3,343,Loyal Customers
12231.0,8,19,4538.61,4,4,4,444,Champions
12232.0,11,3,614.37,4,1,1,411,Potential Loyalists
12233.0,91,11,3229.19,1,2,3,123,Potential Loyalists
12234.0,8,54,7136.91,4,5,5,455,Champions
12235.0,104,4,1196.34,1,1,1,111,Lost Customers
12236.0,66,5,924.01,2,1,1,211,Lost Customers
12237.0,76,11,1979.48,2,2,2,222,Lost Customers
12238.0,19,19,2709.84,4,4,3,443,Loyal Customers
12239.0,129,6,1502.76,1,1,2,112,Lost Customers
12240.0,145,9,2271.87,1,2,2,122,Lost Customers
12241.0,18,26,4530.0199999999995,4,4,4,444,Champions
12242.0,325,11,2293.83,1,2,3,123,Potential Loyalists
12243.0,84,5,1784.33,1,1,2,112,Lost Customers
12244.0,10,23,3953.51,4,4,4,444,Champions
12245.0,33,24,3997.12,3,4,4,344,Loyal Customers
12246.0,13,12,2587.32,4,3,3,433,Potential Loyalists
12247.0,233,2,198.97000000000003,1,1,1,111,Lost Customers
12248.0,47,6,1779.92,2,1,2,212,Lost Customers
12249.0,8,15,4241.93,4,3,4,434,Big Spenders
12250.0,15,41,8811.77,4,5,5,455,Champions
12251.0,88,8,1992.1399999999999,1,2,2,122,Lost Customers
12252.0,33,16,3029.0,3,3,3,333,Potential Loyalists
12253.0,13,19,2936.41,4,4,3,443,Loyal Customers
12254.0,387,2,174.53,1,1,1,111,Lost Customers
12255.0,4,38,6023.53,5,5,5,555,Champions
12256.0,29,6,1026.26,3,1,1,311,Potential Loyalists
12257.0,8,18,3179.34,4,4,3,443,Loyal Customers
12258.0,19,18,2658.67,4,4,3,443,Loyal Customers
12259.0,2,44,8734.85,5,5,5,555,Champions
12260.0,53,24,5530.42,2,4,4,244,At Risk
12262.0,48,9,2082.29,2,2,2,222,Lost Customers
12263.0,24,14,4140.23,3,3,4,334,Potential Loyalists
12264.0,1,12,3208.16,5,3,3,533,Potential Loyalists
12265.0,73,18,3924.59,2,4,4,244,At Risk
12266.0,29,28,4388.98,3,5,4,354,Loyal Customers
12267.0,31,23,4722.04,3,4,4,344,Loyal Customers
12268.0,98,7,1259.43,1,2,1,121,Lost Customers
12269.0,267,3,783.23,1,1,1,111,Lost Customers
12270.0,6,11,1239.74,5,2,1,521,Potential Loyalists
12271.0,21,28,5202.5599999999995,3,5,4,354,Loyal Customers
12272.0,70,7,2049.2799999999997,2,2,2,222,Lost Customers
12273.0,37,19,5658.75,3,4,5,345,Loyal Customers
12274.0,4,31,6862.57,5,5,5,555,Champions
12275.0,81,18,3484.23,1,4,4,144,At Risk
12276.0,137,1,280.3,1,1,1,111,Lost Customers
12277.0,170,6,1098.19,1,1,1,111,Lost Customers
12278.0,13,62,12055.49,4,5,5,455,Champions
12279.0,4,12,1967.07,5,3,2,532,Potential Loyalists
12280.0,142,2,236.64,1,1,1,111,Lost Customers
12281.0,2,33,5532.53,5,5,4,554,Champions
12282.0,22,19,3349.0600000000004,3,4,3,343,Loyal Customers
12283.0,9,38,7665.46,4,5,5,455,Champions
12284.0,16,20,4013.81,4,4,4,444,Champions
12285.0,70,16,3726.5099999999998,2,3,4,234,At Risk
12286.0,5,18,4188.4800000000005,5,4,4,544,Champions
12287.0,41,22,4233.3,2,4,4,244,At Risk
12288.0,5,83,16148.53,5,5,5,555,Champions
12289.0,10,33,6010.29,4,5,5,455,Champions
12290.0,310,2,350.48,1,1,1,111,Lost Customers
12291.0,13,19,4247.32,4,4,4,444,Champions
12292.0,42,48,8067.1,2,5,5,255,At Risk
12293.0,3,40,8332.99,5,5,5,555,Champions
12294.0,85,8,1200.81,1,2,1,121,Lost Customers
12295.0,24,30,6780.5599999999995,3,5,5,355,Loyal Customers
12296.0,2,27,4213.09,5,4,4,544,Champions
12297.0,4,128,25426.45,5,5,5,555,Champions
12298.0,47,9,1875.6200000000001,2,2,2,222,Lost Customers
12299.0,114,10,1964.97,1,2,2,122,Lost Customers
12300.0,38,7,1520.59,3,2,2,322,Potential Loyalists
12301.0,36,14,2764.71,3,3,3,333,Potential Loyalists
12302.0,53,10,1986.18,2,2,2,222,Lost Customers
12303.0,7,2,180.14,5,1,1,511,Potential Loyalists
12304.0,33,8,1424.87,3,2,2,322,Potential Loyalists
12305.0,14,20,2842.48,4,4,3,443,Loyal Customers
12306.0,29,11,1694.3,3,2,2,322,Potential Loyalists
12307.0,15,60,11126.65,4,5,5,455,Champions
12308.0,67,11,1368.08,2,2,2,222,Lost Customers
12309.0,9,44,7383.03,4,5,5,455,Champions
12310.0,67,21,4014.58,2,4,4,244,At Risk
12311.0,12,28,4876.49,4,5,4,454,Champions
12312.0,40,13,2067.47,2,3,2,232,At Risk
12313.0,3,57,8845.22,5,5,5,555,Champions
12314.0,2,19,2999.4,5,4,3,543,Loyal Customers
12315.0,21,16,2562.55,3,3,3,333,Potential Loyalists
12316.0,7,18,3668.62,5,4,4,544,Champions
12317.0,40,17,3646.19,2,3,4,234,At Risk
12318.0,3,13,1976.75,5,3,2,532,Potential Loyalists
12319.0,9,92,19352.26,4,5,5,455,Champions
12320.0,38,13,2578.32,3,3,3,333,Potential Loyalists
12321.0,1,23,3834.68,5,4,4,544,Champions
12322.0,47,34,6279.22,2,5,5,255,At Risk
12323.0,34,29,5505.5,3,5,4,354,Loyal Customers
12324.0,6,18,2734.31,5,4,3,543,Loyal Customers
12325.0,289,1,111.92,1,1,1,111,Lost Customers
12326.0,12,17,2992.95,4,3,3,433,Potential Loyalists
12327.0,226,5,1230.42,1,1,1,111,Lost Customers
12328.0,7,52,10471.08,5,5,5,555,Champions
12329.0,94,15,2454.42,1,3,3,133,At Risk
12330.0,59,36,7318.0199999999995,2,5,5,255,At Risk
12331.0,6,6,1384.62,5,1,2,512,Potential Loyalists
12332.0,126,4,953.8,1,1,1,111,Lost Customers
12333.0,59,29,7079.2300000000005,2,5,5,255,At Risk
12334.0,8,14,2786.94,4,3,3,433,Potential Loyalists
12335.0,98,11,2927.51,1,2,3,123,Potential Loyalists
12336.0,8,18,3356.85,4,4,3,443,Loyal Customers
12337.0,2,125,24306.34,5,5,5,555,Champions
12338.0,7,23,3598.39,5,4,4,544,Champions
12339.0,20,27,6535.52,3,4,5,345,Loyal Customers
12340.0,11,30,7587.55,4,5,5,455,Champions
12341.0,6,70,15206.69,5,5,5,555,Champions
12342.0,60,12,1637.85,2,3,2,232,At Risk
12343.0,221,1,77.0,1,1,1,111,Lost Customers
12344.0,93,9,2120.71,1,2,2,122,Lost Customers
12345.0,26,20,4227.83,3,4,4,344,Loyal Customers
12346.0,85,4,1578.17,1,1,2,112,Lost Customers
12347.0,35,9,2381.49,3,2,3,323,Potential Loyalists
12348.0,161,7,1686.8500000000001,1,2,2,122,Lost Customers
12349.0,2,47,10662.28,5,5,5,555,Champions
12350.0,19,39,7626.96,4,5,5,455,Champions
12351.0,1,32,5885.87,5,5,5,555,Champions
12352.0,18,30,5420.7,4,5,4,454,Champions
12353.0,32,16,3431.25,3,3,4,334,Potential Loyalists
12354.0,129,14,2983.71,1,3,3,133,At Risk
12355.0,103,11,2160.27,1,2,2,122,Lost Customers
12356.0,325,2,600.12,1,1,1,111,Lost Customers
12357.0,19,15,3010.7,4,3,3,433,Potential Loyalists
12358.0,13,9,1792.22,4,2,2,422,Potential Loyalists
12359.0,1,32,6612.79,5,5,5,555,Champions
12360.0,6,57,11930.76,5,5,5,555,Champions
12361.0,23,45,9026.35,3,5,5,355,Loyal Customers
12362.0,154,4,833.53,1,1,1,111,Lost Customers
12363.0,47,11,1601.5,2,2,2,222,Lost Customers
12364.0,10,22,3859.98,4,4,4,444,Champions
12365.0,16,116,26828.39,4,5,5,455,Champions
12366.0,4,51,11308.26,5,5,5,555,Champions
12367.0,3,39,7816.31,5,5,5,555,Champions
12368.0,229,6,823.74,1,1,1,111,Lost Customers
12369.0,121,5,1191.6599999999999,1,1,1,111,Lost Customers
12370.0,3,23,5054.73,5,4,4,544,Champions
12371.0,87,5,658.44,1,1,1,111,Lost Customers
12372.0,92,15,3149.86,1,3,3,133,At Risk
12373.0,48,10,2295.04,2,2,3,223,Potential Loyalists
12374.0,12,47,9809.62,4,5,5,455,Champions
12375.0,43,12,1697.15,2,3,2,232,At Risk
12376.0,203,4,1103.46,1,1,1,111,Lost Customers
12377.0,2,18,3598.14,5,4,4,544,Champions
12378.0,28,12,2586.13,3,3,3,333,Potential Loyalists
12379.0,51,19,3641.99,2,4,4,244,At Risk
12380.0,35,11,2376.2200000000003,3,2,3,323,Potential Loyalists
12381.0,128,11,3442.0,1,2,4,124,Potential Loyalists
12382.0,10,36,8199.31,4,5,5,455,Champions
12383.0,3,3,575.9,5,1,1,511,Potential Loyalists
12384.0,21,12,2202.05,3,3,2,332,Potential Loyalists
12385.0,2,28,7374.76,5,5,5,555,Champions
12386.0,73,6,1152.8,2,1,1,211,Lost Customers
12387.0,92,5,2063.6,1,1,2,112,Lost Customers
12388.0,27,31,6640.1,3,5,5,355,Loyal Customers
12389.0,3,38,7812.77,5,5,5,555,Champions
12390.0,29,15,2611.79,3,3,3,333,Potential Loyalists
12391.0,296,2,272.76,1,1,1,111,Lost Customers
12392.0,3,35,6797.74,5,5,5,555,Champions
12393.0,239,2,989.8199999999999,1,1,1,111,Lost Customers
12394.0,76,19,4376.22,2,4,4,244,At Risk
12395.0,446,3,581.04,1,1,1,111,Lost Customers
12396.0,62,6,734.04,2,1,1,211,Lost Customers
12397.0,58,12,2272.2,2,3,2,232,At Risk
12398.0,6,9,2586.14,5,2,3,523,Potential Loyalists
12399.0,64,9,3033.43,2,2,3,223,Potential Loyalists
12400.0,45,22,3815.52,2,4,4,244,At Risk
12401.0,109,10,2762.98,1,2,3,123,Potential Loyalists
12402.0,54,33,6218.59,2,5,5,255,At Risk
12403.0,33,19,3334.5099999999998,3,4,3,343,Loyal Customers
12404.0,47,6,899.16,2,1,1,211,Lost Customers
12405.0,14,9,1327.26,4,2,2,422,Potential Loyalists
12406.0,68,5,860.8199999999999,2,1,1,211,Lost Customers
12407.0,31,22,4631.84,3,4,4,344,Loyal Customers
12408.0,44,12,3583.31,2,3,4,234,At Risk
12409.0,264,2,378.13,1,1,1,111,Lost Customers
12410.0,42,14,3313.82,2,3,3,233,At Risk
12411.0,10,10,1336.58,4,2,2,422,Potential Loyalists
12412.0,12,67,14371.96,4,5,5,455,Champions
12413.0,102,5,1075.9099999999999,1,1,1,111,Lost Customers
12414.0,55,3,687.04,2,1,1,211,Lost Customers
12415.0,30,33,7457.75,3,5,5,355,Loyal Customers
12416.0,2,50,11177.4,5,5,5,555,Champions
12417.0,1,15,2766.52,5,3,3,533,Potential Loyalists
12418.0,125,5,1363.34,1,1,2,112,Lost Customers
12419.0,49,13,2175.0,2,3,2,232,At Risk
12420.0,38,2,198.51999999999998,3,1,1,311,Potential Loyalists
12421.0,54,9,2196.13,2,2,2,222,Lost Customers
12422.0,4,9,1525.12,5,2,2,522,Potential Loyalists
12423.0,8,57,9876.46,4,5,5,455,Champions
12424.0,41,11,2374.9100000000003,2,2,3,223,Potential Loyalists
12425.0,75,17,2897.99,2,3,3,233,At Risk
12426.0,11,36,7272.63,4,5,5,455,Champions
12427.0,6,80,15455.42,5,5,5,555,Champions
12428.0,74,4,1623.3200000000002,2,1,2,212,Lost Customers
12429.0,5,19,3204.83,5,4,3,543,Loyal Customers
12430.0,20,81,14234.58,3,5,5,355,Loyal Customers
12431.0,301,2,464.15999999999997,1,1,1,111,Lost Customers
12432.0,7,31,6128.02,5,5,5,555,Champions
12433.0,3,8,1939.25,5,2,2,522,Potential Loyalists
12434.0,96,23,3400.42,1,4,3,143,At Risk
12435.0,58,7,1536.19,2,2,2,222,Lost Customers
12436.0,135,8,1921.33,1,2,2,122,Lost Customers
12437.0,15,6,1100.45,4,1,1,411,Potential Loyalists
12438.0,41,13,2251.44,2,3,2,232,At Risk
12439.0,9,28,6402.65,4,5,5,455,Champions
12440.0,94,15,2673.89,1,3,3,133,At Risk
12441.0,65,12,2365.35,2,3,3,233,At Risk
12442.0,20,21,4661.92,3,4,4,344,Loyal Customers
12443.0,247,4,666.7,1,1,1,111,Lost Customers
12444.0,14,20,3362.98,4,4,3,443,Loyal Customers
12445.0,4,29,5098.89,5,5,4,554,Champions
12446.0,1,130,27811.78,5,5,5,555,Champions
12447.0,4,12,2707.3199999999997,5,3,3,533,Potential Loyalists
12448.0,8,11,2334.18,4,2,3,423,Potential Loyalists
12449.0,31,33,6368.86,3,5,5,355,Loyal Customers
12450.0,13,20,5379.55,4,4,4,444,Champions
12451.0,22,10,2229.72,3,2,2,322,Potential Loyalists
12452.0,71,7,1009.8000000000001,2,2,1,221,Lost Customers
12453.0,9,24,4866.73,4,4,4,444,Champions
12454.0,181,8,1478.21,1,2,2,122,Lost Customers
12455.0,11,10,2623.08,4,2,3,423,Potential Loyalists
12456.0,49,22,4088.92,2,4,4,244,At Risk
12457.0,24,35,8195.92,3,5,5,355,Loyal Customers
12458.0,25,12,1955.5,3,3,2,332,Potential Loyalists
12459.0,62,4,790.54,2,1,1,211,Lost Customers
12460.0,95,2,431.55,1,1,1,111,Lost Customers
12461.0,278,6,693.36,1,1,1,111,Lost Customers
12462.0,20,3,418.64,3,1,1,311,Potential Loyalists
12463.0,14,16,3006.6099999999997,4,3,3,433,Potential Loyalists
12464.0,22,11,2450.24,3,2,3,323,Potential Loyalists
12465.0,17,8,1487.77,4,2,2,422,Potential Loyalists
12466.0,181,6,525.0600000000001,1,1,1,111,Lost Customers
12467.0,87,10,1318.55,1,2,2,122,Lost Customers
12468.0,15,37,6004.13,4,5,5,455,Champions
12469.0,10,31,6851.18,4,5,5,455,Champions
12470.0,13,17,2556.56,4,3,3,433,Potential Loyalists
12471.0,47,9,1667.21,2,2,2,222,Lost Customers
12472.0,35,14,2209.09,3,3,2,332,Potential Loyalists
12473.0,171,14,3165.1,1,3,3,133,At Risk
12474.0,108,24,4204.42,1,4,4,144,At Risk
12475.0,71,4,614.06,2,1,1,211,Lost Customers
12476.0,54,21,3569.54,2,4,4,244,At Risk
12477.0,29,4,766.8199999999999,3,1,1,311,Potential Loyalists
12478.0,10,15,4015.4300000000003,4,3,4,434,Big Spenders
12479.0,15,20,3237.09,4,4,3,443,Loyal Customers
12480.0,68,15,2574.14,2,3,3,233,At Risk
12481.0,2,67,16835.75,5,5,5,555,Champions
12482.0,10,7,967.8199999999999,4,2,1,421,Potential Loyalists
12483.0,17,21,4818.45,4,4,4,444,Champions
12484.0,35,17,3555.19,3,3,4,334,Potential Loyalists
12485.0,100,12,2968.7400000000002,1,3,3,133,At Risk
12486.0,265,8,1373.12,1,2,2,122,Lost Customers
12487.0,32,16,2748.75,3,3,3,333,Potential Loyalists
12488.0,1,27,3471.05,5,4,4,544,Champions
12489.0,5,46,10149.43,5,5,5,555,Champions
12490.0,21,12,2469.91,3,3,3,333,Potential Loyalists
12491.0,101,18,2157.04,1,4,2,142,At Risk
12492.0,10,10,1796.87,4,2,2,422,Potential Loyalists
12493.0,30,24,3306.98,3,4,3,343,Loyal Customers
12494.0,10,8,1118.3,4,2,1,421,Potential Loyalists
12495.0,24,34,6881.5599999999995,3,5,5,355,Loyal Customers
12496.0,6,87,17965.72,5,5,5,555,Champions
12497.0,16,15,3417.27,4,3,3,433,Potential Loyalists
12498.0,35,3,1057.07,3,1,1,311,Potential Loyalists
12499.0,3,16,3032.64,5,3,3,533,Potential Loyalists
12500.0,8,36,8412.3,4,5,5,455,Champions
